2026-08-15 00:55:36 [INFO]: Login Attempt
{
  "service": "auth",
  "userId": 1,
  "email": "admin@gym.com",
  "ip": "::ffff:192.168.65.1",
  "success": true
}
2026-08-15 00:55:36 [INFO]: Login Attempt
{
  "service": "auth",
  "userId": 1,
  "email": "admin@gym.com",
  "ip": "::ffff:192.168.65.1",
  "success": true
}
2026-08-15 00:55:38 [INFO]: Login Attempt
{
  "service": "auth",
  "userId": 1,
  "email": "admin@gym.com",
  "ip": "",
  "success": true
}
2026-08-15 00:55:38 [INFO]: Login Attempt
{
  "service": "auth",
  "userId": 1,
  "email": "admin@gym.com",
  "ip": "::ffff:192.168.65.1",
  "success": true
}
2026-08-15 00:55:38 [INFO]: Login Attempt
{
  "service": "auth",
  "userId": 1,
  "email": "admin@gym.com",
  "ip": "::ffff:192.168.65.1",
  "success": true
}
2026-08-15 00:55:38 [INFO]: Login Attempt
{
  "service": "auth",
  "userId": 1,
  "email": "admin@gym.com",
  "ip": "::ffff:192.168.65.1",
  "success": true
}
2026-08-15 00:55:56 [INFO]: Login Attempt
{
  "service": "auth",
  "userId": 1,
  "email": "admin@gym.com",
  "ip": "::ffff:192.168.65.1",
  "success": true
}
2026-08-15 00:55:56 [WARN]: Client Error 400: Validation failed: dateOfBirth: Please provide a valid date of birth
{
  "url": "/api/auth/profile",
  "method": "PUT",
  "ip": "::ffff:192.168.65.1",
  "userAgent": "Mozilla/5.0 (Macintosh; Intel Mac OS X 10_15_7) AppleWebKit/537.36 (KHTML, like Gecko) Chrome/151.0.0.0 Safari/537.36",
  "userId": 1,
  "body": {
    "fullName": "System Administrator",
    "phone": "0123456789",
    "dateOfBirth": "",
    "gender": "OTHER",
    "address": "",
    "bio": ""
  },
  "params": {},
  "query": {}
}
2026-08-15 00:56:01 [INFO]: Login Attempt
{
  "service": "auth",
  "userId": 1,
  "email": "admin@gym.com",
  "ip": "::ffff:192.168.65.1",
  "success": true
}
2026-08-15 00:56:01 [WARN]: Database Validation Error
{
  "url": "/api/auth/profile",
  "method": "PUT",
  "ip": "::ffff:192.168.65.1",
  "userAgent": "Mozilla/5.0 (Macintosh; Intel Mac OS X 10_15_7) AppleWebKit/537.36 (KHTML, like Gecko) Chrome/151.0.0.0 Safari/537.36",
  "userId": 1,
  "body": {
    "fullName": "System Administrator",
    "phone": "0123456789",
    "dateOfBirth": "2026-08-14",
    "gender": "OTHER",
    "address": "",
    "bio": ""
  },
  "params": {},
  "query": {},
  "errors": [
    {
      "message": "Validation isBefore on dateOfBirth failed",
      "type": "Validation error",
      "path": "dateOfBirth",
      "value": "2026-08-14",
      "origin": "FUNCTION",
      "instance": {
        "id": null,
        "fullName": "System Administrator",
        "dateOfBirth": "2026-08-14",
        "gender": "OTHER",
        "address": "",
        "bio": "",
        "updated_at": "2026-08-15T00:56:01.719Z"
      },
      "validatorKey": "isBefore",
      "validatorName": "isBefore",
      "validatorArgs": [
        "2026-08-14"
      ],
      "original": {
        "validatorName": "isBefore",
        "validatorArgs": [
          "2026-08-14"
        ]
      }
    }
  ]
}
2026-08-15 00:56:10 [INFO]: Login Attempt
{
  "service": "auth",
  "userId": 1,
  "email": "admin@gym.com",
  "ip": "::ffff:192.168.65.1",
  "success": true
}
2026-08-15 00:56:17 [INFO]: Login Attempt
{
  "service": "auth",
  "userId": 1,
  "email": "admin@gym.com",
  "ip": "::ffff:192.168.65.1",
  "success": true
}
2026-08-15 00:56:17 [INFO]: Login Attempt
{
  "service": "auth",
  "userId": 1,
  "email": "admin@gym.com",
  "ip": "::ffff:192.168.65.1",
  "success": true
}
2026-08-15 00:56:17 [INFO]: Login Attempt
{
  "service": "auth",
  "userId": 1,
  "email": "admin@gym.com",
  "ip": "::ffff:192.168.65.1",
  "success": true
}
2026-08-15 00:56:17 [INFO]: Login Attempt
{
  "service": "auth",
  "userId": 1,
  "email": "admin@gym.com",
  "ip": "::ffff:192.168.65.1",
  "success": true
}
2026-08-15 01:01:07 [INFO]: Login Attempt
{
  "service": "auth",
  "userId": 1,
  "email": "admin@gym.com",
  "ip": "::ffff:192.168.65.1",
  "success": true
}
2026-08-15 01:01:07 [INFO]: User Logout
{
  "service": "auth",
  "userId": 1,
  "email": "admin@gym.com"
}
2026-08-15 01:01:13 [INFO]: Login Attempt
{
  "service": "auth",
  "userId": 3,
  "email": "trainer@gym.com",
  "ip": "",
  "success": true
}
2026-08-15 01:01:13 [INFO]: Login Attempt
{
  "service": "auth",
  "userId": 3,
  "email": "trainer@gym.com",
  "ip": "::ffff:192.168.65.1",
  "success": true
}
2026-08-15 01:01:13 [INFO]: Login Attempt
{
  "service": "auth",
  "userId": 3,
  "email": "trainer@gym.com",
  "ip": "::ffff:192.168.65.1",
  "success": true
}
2026-08-15 01:01:13 [INFO]: Login Attempt
{
  "service": "auth",
  "userId": 3,
  "email": "trainer@gym.com",
  "ip": "::ffff:192.168.65.1",
  "success": true
}
2026-08-15 01:01:13 [INFO]: Login Attempt
{
  "service": "auth",
  "userId": 3,
  "email": "trainer@gym.com",
  "ip": "::ffff:192.168.65.1",
  "success": true
}
2026-08-15 01:01:13 [INFO]: Login Attempt
{
  "service": "auth",
  "userId": 3,
  "email": "trainer@gym.com",
  "ip": "::ffff:192.168.65.1",
  "success": true
}
2026-08-15 01:01:55 [INFO]: Login Attempt
{
  "service": "auth",
  "userId": 3,
  "email": "trainer@gym.com",
  "ip": "::ffff:192.168.65.1",
  "success": true
}
2026-08-15 01:01:55 [INFO]: Login Attempt
{
  "service": "auth",
  "userId": 3,
  "email": "trainer@gym.com",
  "ip": "::ffff:192.168.65.1",
  "success": true
}
2026-08-15 01:01:55 [INFO]: Login Attempt
{
  "service": "auth",
  "userId": 3,
  "email": "trainer@gym.com",
  "ip": "::ffff:192.168.65.1",
  "success": true
}
2026-08-15 01:01:55 [INFO]: Login Attempt
{
  "service": "auth",
  "userId": 3,
  "email": "trainer@gym.com",
  "ip": "::ffff:192.168.65.1",
  "success": true
}
2026-08-15 01:02:00 [INFO]: Login Attempt
{
  "service": "auth",
  "userId": 3,
  "email": "trainer@gym.com",
  "ip": "::ffff:192.168.65.1",
  "success": true
}
2026-08-15 01:02:00 [INFO]: Login Attempt
{
  "service": "auth",
  "userId": 3,
  "email": "trainer@gym.com",
  "ip": "::ffff:192.168.65.1",
  "success": true
}
2026-08-15 01:02:00 [INFO]: Login Attempt
{
  "service": "auth",
  "userId": 3,
  "email": "trainer@gym.com",
  "ip": "::ffff:192.168.65.1",
  "success": true
}
2026-08-15 01:02:00 [INFO]: Login Attempt
{
  "service": "auth",
  "userId": 3,
  "email": "trainer@gym.com",
  "ip": "::ffff:192.168.65.1",
  "success": true
}
2026-08-15 01:02:05 [INFO]: Login Attempt
{
  "service": "auth",
  "userId": 3,
  "email": "trainer@gym.com",
  "ip": "::ffff:192.168.65.1",
  "success": true
}
2026-08-15 01:02:05 [INFO]: Login Attempt
{
  "service": "auth",
  "userId": 3,
  "email": "trainer@gym.com",
  "ip": "::ffff:192.168.65.1",
  "success": true
}
2026-08-15 01:02:05 [INFO]: Login Attempt
{
  "service": "auth",
  "userId": 3,
  "email": "trainer@gym.com",
  "ip": "::ffff:192.168.65.1",
  "success": true
}
2026-08-15 01:02:05 [INFO]: Login Attempt
{
  "service": "auth",
  "userId": 3,
  "email": "trainer@gym.com",
  "ip": "::ffff:192.168.65.1",
  "success": true
}
2026-08-15 01:02:06 [INFO]: Login Attempt
{
  "service": "auth",
  "userId": 3,
  "email": "trainer@gym.com",
  "ip": "::ffff:192.168.65.1",
  "success": true
}
2026-08-15 01:02:49 [INFO]: Login Attempt
{
  "service": "auth",
  "userId": 3,
  "email": "trainer@gym.com",
  "ip": "::ffff:192.168.65.1",
  "success": true
}
2026-08-15 01:02:49 [INFO]: Login Attempt
{
  "service": "auth",
  "userId": 3,
  "email": "trainer@gym.com",
  "ip": "::ffff:192.168.65.1",
  "success": true
}
2026-08-15 01:02:56 [INFO]: Login Attempt
{
  "service": "auth",
  "userId": 3,
  "email": "trainer@gym.com",
  "ip": "::ffff:192.168.65.1",
  "success": true
}
2026-08-15 01:02:56 [INFO]: Login Attempt
{
  "service": "auth",
  "userId": 3,
  "email": "trainer@gym.com",
  "ip": "::ffff:192.168.65.1",
  "success": true
}
2026-08-15 01:03:05 [INFO]: Login Attempt
{
  "service": "auth",
  "userId": 3,
  "email": "trainer@gym.com",
  "ip": "::ffff:192.168.65.1",
  "success": true
}
2026-08-15 01:03:05 [INFO]: Login Attempt
{
  "service": "auth",
  "userId": 3,
  "email": "trainer@gym.com",
  "ip": "::ffff:192.168.65.1",
  "success": true
}
2026-08-15 01:03:09 [INFO]: Login Attempt
{
  "service": "auth",
  "userId": 3,
  "email": "trainer@gym.com",
  "ip": "::ffff:192.168.65.1",
  "success": true
}
2026-08-15 01:03:09 [INFO]: Login Attempt
{
  "service": "auth",
  "userId": 3,
  "email": "trainer@gym.com",
  "ip": "::ffff:192.168.65.1",
  "success": true
}
2026-08-15 01:03:26 [INFO]: Login Attempt
{
  "service": "auth",
  "userId": 3,
  "email": "trainer@gym.com",
  "ip": "::ffff:192.168.65.1",
  "success": true
}
2026-08-15 01:03:26 [INFO]: Login Attempt
{
  "service": "auth",
  "userId": 3,
  "email": "trainer@gym.com",
  "ip": "::ffff:192.168.65.1",
  "success": true
}
2026-08-15 01:03:35 [INFO]: Login Attempt
{
  "service": "auth",
  "userId": 3,
  "email": "trainer@gym.com",
  "ip": "::ffff:192.168.65.1",
  "success": true
}
2026-08-15 01:03:35 [INFO]: Login Attempt
{
  "service": "auth",
  "userId": 3,
  "email": "trainer@gym.com",
  "ip": "::ffff:192.168.65.1",
  "success": true
}
2026-08-15 01:03:37 [INFO]: Login Attempt
{
  "service": "auth",
  "userId": 5,
  "email": "member@gym.com",
  "ip": "",
  "success": true
}
2026-08-15 01:03:37 [INFO]: Login Attempt
{
  "service": "auth",
  "userId": 5,
  "email": "member@gym.com",
  "ip": "::ffff:192.168.65.1",
  "success": true
}
2026-08-15 01:03:38 [INFO]: Login Attempt
{
  "service": "auth",
  "userId": 5,
  "email": "member@gym.com",
  "ip": "::ffff:192.168.65.1",
  "success": true
}
2026-08-15 01:03:38 [INFO]: Login Attempt
{
  "service": "auth",
  "userId": 5,
  "email": "member@gym.com",
  "ip": "::ffff:192.168.65.1",
  "success": true
}
2026-08-15 01:04:07 [INFO]: Login Attempt
{
  "service": "auth",
  "userId": 5,
  "email": "member@gym.com",
  "ip": "::ffff:192.168.65.1",
  "success": true
}
2026-08-15 01:05:18 [INFO]: Login Attempt
{
  "service": "auth",
  "userId": 5,
  "email": "member@gym.com",
  "ip": "::ffff:192.168.65.1",
  "success": true
}
2026-08-15 01:05:18 [WARN]: Access denied
{
  "service": "app",
  "userId": 5,
  "userRole": "MEMBER",
  "allowedRoles": [
    "TRAINER"
  ],
  "path": "/api/trainers/me/dashboard",
  "method": "GET",
  "ip": "::ffff:192.168.65.1"
}
2026-08-15 01:05:18 [WARN]: Client Error 403: Insufficient permissions
{
  "url": "/api/trainers/me/dashboard",
  "method": "GET",
  "ip": "::ffff:192.168.65.1",
  "userAgent": "Mozilla/5.0 (Macintosh; Intel Mac OS X 10_15_7) AppleWebKit/537.36 (KHTML, like Gecko) Chrome/151.0.0.0 Safari/537.36",
  "userId": 5,
  "body": {},
  "params": {},
  "query": {}
}
2026-08-15 01:05:18 [INFO]: Login Attempt
{
  "service": "auth",
  "userId": 5,
  "email": "member@gym.com",
  "ip": "::ffff:192.168.65.1",
  "success": true
}
2026-08-15 01:05:18 [WARN]: Access denied
{
  "service": "app",
  "userId": 5,
  "userRole": "MEMBER",
  "allowedRoles": [
    "TRAINER"
  ],
  "path": "/api/trainers/me/members?page=1&limit=10&search=&status=",
  "method": "GET",
  "ip": "::ffff:192.168.65.1"
}
2026-08-15 01:05:18 [WARN]: Client Error 403: Insufficient permissions
{
  "url": "/api/trainers/me/members?page=1&limit=10&search=&status=",
  "method": "GET",
  "ip": "::ffff:192.168.65.1",
  "userAgent": "Mozilla/5.0 (Macintosh; Intel Mac OS X 10_15_7) AppleWebKit/537.36 (KHTML, like Gecko) Chrome/151.0.0.0 Safari/537.36",
  "userId": 5,
  "body": {},
  "params": {},
  "query": {
    "page": "1",
    "limit": "10",
    "search": "",
    "status": ""
  }
}
2026-08-15 01:05:18 [INFO]: Login Attempt
{
  "service": "auth",
  "userId": 5,
  "email": "member@gym.com",
  "ip": "::ffff:192.168.65.1",
  "success": true
}
2026-08-15 01:05:18 [WARN]: Access denied
{
  "service": "app",
  "userId": 5,
  "userRole": "MEMBER",
  "allowedRoles": [
    "TRAINER"
  ],
  "path": "/api/trainers/me/dashboard",
  "method": "GET",
  "ip": "::ffff:192.168.65.1"
}
2026-08-15 01:05:18 [WARN]: Client Error 403: Insufficient permissions
{
  "url": "/api/trainers/me/dashboard",
  "method": "GET",
  "ip": "::ffff:192.168.65.1",
  "userAgent": "Mozilla/5.0 (Macintosh; Intel Mac OS X 10_15_7) AppleWebKit/537.36 (KHTML, like Gecko) Chrome/151.0.0.0 Safari/537.36",
  "userId": 5,
  "body": {},
  "params": {},
  "query": {}
}
2026-08-15 01:05:18 [INFO]: Login Attempt
{
  "service": "auth",
  "userId": 5,
  "email": "member@gym.com",
  "ip": "::ffff:192.168.65.1",
  "success": true
}
2026-08-15 01:05:18 [WARN]: Access denied
{
  "service": "app",
  "userId": 5,
  "userRole": "MEMBER",
  "allowedRoles": [
    "TRAINER"
  ],
  "path": "/api/trainers/me/members?page=1&limit=10&search=&status=",
  "method": "GET",
  "ip": "::ffff:192.168.65.1"
}
2026-08-15 01:05:18 [WARN]: Client Error 403: Insufficient permissions
{
  "url": "/api/trainers/me/members?page=1&limit=10&search=&status=",
  "method": "GET",
  "ip": "::ffff:192.168.65.1",
  "userAgent": "Mozilla/5.0 (Macintosh; Intel Mac OS X 10_15_7) AppleWebKit/537.36 (KHTML, like Gecko) Chrome/151.0.0.0 Safari/537.36",
  "userId": 5,
  "body": {},
  "params": {},
  "query": {
    "page": "1",
    "limit": "10",
    "search": "",
    "status": ""
  }
}
2026-08-15 01:05:21 [INFO]: Login Attempt
{
  "service": "auth",
  "userId": 5,
  "email": "member@gym.com",
  "ip": "::ffff:192.168.65.1",
  "success": true
}
2026-08-15 01:05:21 [INFO]: Login Attempt
{
  "service": "auth",
  "userId": 5,
  "email": "member@gym.com",
  "ip": "::ffff:192.168.65.1",
  "success": true
}
2026-08-15 01:05:21 [INFO]: Login Attempt
{
  "service": "auth",
  "userId": 5,
  "email": "member@gym.com",
  "ip": "::ffff:192.168.65.1",
  "success": true
}
2026-08-15 01:05:21 [INFO]: Login Attempt
{
  "service": "auth",
  "userId": 5,
  "email": "member@gym.com",
  "ip": "::ffff:192.168.65.1",
  "success": true
}
2026-08-15 01:05:23 [INFO]: Login Attempt
{
  "service": "auth",
  "userId": 5,
  "email": "member@gym.com",
  "ip": "::ffff:192.168.65.1",
  "success": true
}
2026-08-15 01:05:23 [INFO]: Login Attempt
{
  "service": "auth",
  "userId": 5,
  "email": "member@gym.com",
  "ip": "::ffff:192.168.65.1",
  "success": true
}
2026-08-15 01:05:23 [INFO]: Login Attempt
{
  "service": "auth",
  "userId": 5,
  "email": "member@gym.com",
  "ip": "::ffff:192.168.65.1",
  "success": true
}
2026-08-15 01:05:23 [INFO]: Login Attempt
{
  "service": "auth",
  "userId": 5,
  "email": "member@gym.com",
  "ip": "::ffff:192.168.65.1",
  "success": true
}
2026-08-15 01:05:23 [INFO]: Login Attempt
{
  "service": "auth",
  "userId": 5,
  "email": "member@gym.com",
  "ip": "::ffff:192.168.65.1",
  "success": true
}
2026-08-15 01:05:23 [INFO]: Login Attempt
{
  "service": "auth",
  "userId": 5,
  "email": "member@gym.com",
  "ip": "::ffff:192.168.65.1",
  "success": true
}
2026-08-15 01:05:23 [INFO]: Login Attempt
{
  "service": "auth",
  "userId": 5,
  "email": "member@gym.com",
  "ip": "::ffff:192.168.65.1",
  "success": true
}
2026-08-15 01:05:23 [INFO]: Login Attempt
{
  "service": "auth",
  "userId": 5,
  "email": "member@gym.com",
  "ip": "::ffff:192.168.65.1",
  "success": true
}
2026-08-15 01:05:24 [INFO]: Login Attempt
{
  "service": "auth",
  "userId": 5,
  "email": "member@gym.com",
  "ip": "::ffff:192.168.65.1",
  "success": true
}
2026-08-15 01:05:24 [INFO]: Login Attempt
{
  "service": "auth",
  "userId": 5,
  "email": "member@gym.com",
  "ip": "::ffff:192.168.65.1",
  "success": true
}
2026-08-15 01:05:33 [INFO]: Login Attempt
{
  "service": "auth",
  "userId": 5,
  "email": "member@gym.com",
  "ip": "::ffff:192.168.65.1",
  "success": true
}
2026-08-15 01:05:33 [INFO]: User Logout
{
  "service": "auth",
  "userId": 5,
  "email": "member@gym.com"
}
2026-08-15 01:05:42 [INFO]: Login Attempt
{
  "service": "auth",
  "userId": 1,
  "email": "admin@gym.com",
  "ip": "",
  "success": true
}
2026-08-15 01:05:42 [INFO]: Login Attempt
{
  "service": "auth",
  "userId": 1,
  "email": "admin@gym.com",
  "ip": "::ffff:192.168.65.1",
  "success": true
}
2026-08-15 01:05:42 [INFO]: Login Attempt
{
  "service": "auth",
  "userId": 1,
  "email": "admin@gym.com",
  "ip": "::ffff:192.168.65.1",
  "success": true
}
2026-08-15 01:05:42 [INFO]: Login Attempt
{
  "service": "auth",
  "userId": 1,
  "email": "admin@gym.com",
  "ip": "::ffff:192.168.65.1",
  "success": true
}
2026-08-15 01:05:48 [INFO]: Login Attempt
{
  "service": "auth",
  "userId": 1,
  "email": "admin@gym.com",
  "ip": "::ffff:192.168.65.1",
  "success": true
}
2026-08-15 01:05:48 [INFO]: Login Attempt
{
  "service": "auth",
  "userId": 1,
  "email": "admin@gym.com",
  "ip": "::ffff:192.168.65.1",
  "success": true
}
2026-08-15 01:05:48 [INFO]: Login Attempt
{
  "service": "auth",
  "userId": 1,
  "email": "admin@gym.com",
  "ip": "::ffff:192.168.65.1",
  "success": true
}
2026-08-15 01:05:48 [INFO]: Login Attempt
{
  "service": "auth",
  "userId": 1,
  "email": "admin@gym.com",
  "ip": "::ffff:192.168.65.1",
  "success": true
}
2026-08-15 01:06:08 [INFO]: Login Attempt
{
  "service": "auth",
  "userId": 1,
  "email": "admin@gym.com",
  "ip": "::ffff:192.168.65.1",
  "success": true
}
2026-08-15 01:06:08 [WARN]: Client Error 400: Validation failed: password: Password must contain at least one lowercase letter, one uppercase letter, one number, and one special character
{
  "url": "/api/members",
  "method": "POST",
  "ip": "::ffff:192.168.65.1",
  "userAgent": "Mozilla/5.0 (Macintosh; Intel Mac OS X 10_15_7) AppleWebKit/537.36 (KHTML, like Gecko) Chrome/151.0.0.0 Safari/537.36",
  "userId": 1,
  "body": {
    "username": "duyentran",
    "email": "tranthimyduyen702@gmail.com",
    "password": "12345667",
    "phone": "0399399940",
    "fullName": "Duyên Trần",
    "gender": "FEMALE",
    "dateOfBirth": "1990-08-22"
  },
  "params": {},
  "query": {}
}
2026-08-15 01:08:29 [INFO]: Login Attempt
{
  "service": "auth",
  "userId": 1,
  "email": "admin@gym.com",
  "ip": "::ffff:192.168.65.1",
  "success": true
}
2026-08-15 01:08:29 [WARN]: Client Error 400: Validation failed: password: Password must contain at least one lowercase letter, one uppercase letter, one number, and one special character
{
  "url": "/api/members",
  "method": "POST",
  "ip": "::ffff:192.168.65.1",
  "userAgent": "Mozilla/5.0 (Macintosh; Intel Mac OS X 10_15_7) AppleWebKit/537.36 (KHTML, like Gecko) Chrome/151.0.0.0 Safari/537.36",
  "userId": 1,
  "body": {
    "username": "duyentran",
    "email": "tranthimyduyen702@gmail.com",
    "password": "12345667",
    "phone": "0399399940",
    "fullName": "Duyên Trần",
    "gender": "FEMALE",
    "dateOfBirth": "1990-08-22"
  },
  "params": {},
  "query": {}
}
2026-08-15 01:09:06 [INFO]: Login Attempt
{
  "service": "auth",
  "userId": 1,
  "email": "admin@gym.com",
  "ip": "::ffff:192.168.65.1",
  "success": true
}
2026-08-15 01:09:06 [WARN]: Client Error 400: Validation failed: password: Password must contain at least one lowercase letter, one uppercase letter, one number, and one special character
{
  "url": "/api/members",
  "method": "POST",
  "ip": "::ffff:192.168.65.1",
  "userAgent": "Mozilla/5.0 (Macintosh; Intel Mac OS X 10_15_7) AppleWebKit/537.36 (KHTML, like Gecko) Chrome/151.0.0.0 Safari/537.36",
  "userId": 1,
  "body": {
    "username": "duyentran",
    "email": "tranthimyduyen702@gmail.com",
    "password": "12345667",
    "phone": "0399399940",
    "fullName": "Duyên Trần",
    "gender": "FEMALE",
    "dateOfBirth": "1990-08-22"
  },
  "params": {},
  "query": {}
}
2026-08-15 01:15:48 [INFO]: Login Attempt
{
  "service": "auth",
  "userId": 1,
  "email": "admin@gym.com",
  "ip": "::ffff:192.168.65.1",
  "success": true
}
2026-08-15 01:15:48 [INFO]: Login Attempt
{
  "service": "auth",
  "userId": 1,
  "email": "admin@gym.com",
  "ip": "::ffff:192.168.65.1",
  "success": true
}
2026-08-15 01:15:48 [INFO]: Login Attempt
{
  "service": "auth",
  "userId": 1,
  "email": "admin@gym.com",
  "ip": "::ffff:192.168.65.1",
  "success": true
}
2026-08-15 01:15:48 [INFO]: Login Attempt
{
  "service": "auth",
  "userId": 1,
  "email": "admin@gym.com",
  "ip": "::ffff:192.168.65.1",
  "success": true
}
2026-08-15 01:16:07 [INFO]: Login Attempt
{
  "service": "auth",
  "userId": 1,
  "email": "admin@gym.com",
  "ip": "::ffff:192.168.65.1",
  "success": true
}
2026-08-15 01:16:25 [INFO]: Login Attempt
{
  "service": "auth",
  "userId": 1,
  "email": "admin@gym.com",
  "ip": "::ffff:192.168.65.1",
  "success": true
}
2026-08-15 01:16:25 [INFO]: Login Attempt
{
  "service": "auth",
  "userId": 1,
  "email": "admin@gym.com",
  "ip": "::ffff:192.168.65.1",
  "success": true
}
2026-08-15 01:16:25 [INFO]: Login Attempt
{
  "service": "auth",
  "userId": 1,
  "email": "admin@gym.com",
  "ip": "::ffff:192.168.65.1",
  "success": true
}
2026-08-15 01:16:25 [INFO]: Login Attempt
{
  "service": "auth",
  "userId": 1,
  "email": "admin@gym.com",
  "ip": "::ffff:192.168.65.1",
  "success": true
}
2026-08-15 01:36:44 [INFO]: Login Attempt
{
  "service": "auth",
  "userId": 1,
  "email": "admin@gym.com",
  "ip": "::ffff:192.168.65.1",
  "success": true
}
2026-08-15 01:36:45 [INFO]: Login Attempt
{
  "service": "auth",
  "userId": 1,
  "email": "admin@gym.com",
  "ip": "::ffff:192.168.65.1",
  "success": true
}
2026-08-15 01:36:45 [INFO]: Login Attempt
{
  "service": "auth",
  "userId": 1,
  "email": "admin@gym.com",
  "ip": "::ffff:192.168.65.1",
  "success": true
}
2026-08-15 01:37:15 [INFO]: Login Attempt
{
  "service": "auth",
  "userId": 1,
  "email": "admin@gym.com",
  "ip": "::ffff:192.168.65.1",
  "success": true
}
2026-08-15 01:37:15 [INFO]: Login Attempt
{
  "service": "auth",
  "userId": 1,
  "email": "admin@gym.com",
  "ip": "::ffff:192.168.65.1",
  "success": true
}
2026-08-15 01:37:15 [INFO]: Login Attempt
{
  "service": "auth",
  "userId": 1,
  "email": "admin@gym.com",
  "ip": "::ffff:192.168.65.1",
  "success": true
}
2026-08-15 01:37:15 [INFO]: Login Attempt
{
  "service": "auth",
  "userId": 1,
  "email": "admin@gym.com",
  "ip": "::ffff:192.168.65.1",
  "success": true
}
2026-08-15 01:37:38 [INFO]: Login Attempt
{
  "service": "auth",
  "userId": 1,
  "email": "admin@gym.com",
  "ip": "::ffff:192.168.65.1",
  "success": true
}
2026-08-15 01:37:38 [WARN]: Client Error 400: Validation failed: password: Password must contain at least one lowercase letter, one uppercase letter, one number, and one special character
{
  "url": "/api/members",
  "method": "POST",
  "ip": "::ffff:192.168.65.1",
  "userAgent": "Mozilla/5.0 (Macintosh; Intel Mac OS X 10_15_7) AppleWebKit/537.36 (KHTML, like Gecko) Chrome/151.0.0.0 Safari/537.36",
  "userId": 1,
  "body": {
    "username": "duyentran",
    "email": "tranthimyduyen702@gmail.com",
    "password": "12345666",
    "phone": "0399399940",
    "fullName": "Duyen Tran",
    "gender": "FEMALE",
    "dateOfBirth": "1990-08-04"
  },
  "params": {},
  "query": {}
}
2026-08-15 01:46:45 [INFO]: Login Attempt
{
  "service": "auth",
  "userId": 1,
  "email": "admin@gym.com",
  "ip": "::ffff:192.168.65.1",
  "success": true
}
2026-08-15 01:46:45 [INFO]: Login Attempt
{
  "service": "auth",
  "userId": 1,
  "email": "admin@gym.com",
  "ip": "::ffff:192.168.65.1",
  "success": true
}
2026-08-15 01:46:45 [INFO]: Login Attempt
{
  "service": "auth",
  "userId": 1,
  "email": "admin@gym.com",
  "ip": "::ffff:192.168.65.1",
  "success": true
}
2026-08-15 01:46:45 [INFO]: Login Attempt
{
  "service": "auth",
  "userId": 1,
  "email": "admin@gym.com",
  "ip": "::ffff:192.168.65.1",
  "success": true
}
2026-08-15 01:57:22 [INFO]: Login Attempt
{
  "service": "auth",
  "userId": 1,
  "email": "admin@gym.com",
  "ip": "::ffff:192.168.65.1",
  "success": true
}
2026-08-15 01:57:22 [INFO]: User Logout
{
  "service": "auth",
  "userId": 1,
  "email": "admin@gym.com"
}
2026-08-15 02:06:43 [INFO]: Login Attempt
{
  "service": "auth",
  "userId": 2,
  "email": "staff@gym.com",
  "ip": "::ffff:192.168.65.1",
  "success": false
}
2026-08-15 02:06:43 [WARN]: Client Error 401: Account is not active
{
  "url": "/api/auth/login",
  "method": "POST",
  "ip": "::ffff:192.168.65.1",
  "userAgent": "Mozilla/5.0 (Macintosh; Intel Mac OS X 10_15_7) AppleWebKit/537.36 (KHTML, like Gecko) Chrome/151.0.0.0 Safari/537.36",
  "body": {
    "email": "staff@gym.com",
    "password": "password"
  },
  "params": {},
  "query": {}
}
2026-08-15 02:07:00 [INFO]: Login Attempt
{
  "service": "auth",
  "userId": 2,
  "email": "staff@gym.com",
  "ip": "::ffff:192.168.65.1",
  "success": false
}
2026-08-15 02:07:00 [WARN]: Client Error 401: Account is not active
{
  "url": "/api/auth/login",
  "method": "POST",
  "ip": "::ffff:192.168.65.1",
  "userAgent": "Mozilla/5.0 (Macintosh; Intel Mac OS X 10_15_7) AppleWebKit/537.36 (KHTML, like Gecko) Chrome/151.0.0.0 Safari/537.36",
  "body": {
    "email": "staff@gym.com",
    "password": "password"
  },
  "params": {},
  "query": {}
}
2026-08-15 02:07:04 [INFO]: Login Attempt
{
  "service": "auth",
  "userId": 1,
  "email": "admin@gym.com",
  "ip": "",
  "success": true
}
2026-08-15 02:07:04 [INFO]: Login Attempt
{
  "service": "auth",
  "userId": 1,
  "email": "admin@gym.com",
  "ip": "::ffff:192.168.65.1",
  "success": true
}
2026-08-15 02:07:04 [INFO]: Login Attempt
{
  "service": "auth",
  "userId": 1,
  "email": "admin@gym.com",
  "ip": "::ffff:192.168.65.1",
  "success": true
}
2026-08-15 02:07:04 [INFO]: Login Attempt
{
  "service": "auth",
  "userId": 1,
  "email": "admin@gym.com",
  "ip": "::ffff:192.168.65.1",
  "success": true
}
2026-08-15 02:07:08 [INFO]: Login Attempt
{
  "service": "auth",
  "userId": 1,
  "email": "admin@gym.com",
  "ip": "::ffff:192.168.65.1",
  "success": true
}
2026-08-15 02:07:08 [INFO]: User Logout
{
  "service": "auth",
  "userId": 1,
  "email": "admin@gym.com"
}
2026-08-15 02:08:01 [INFO]: Login Attempt
{
  "service": "auth",
  "userId": 3,
  "email": "trainer@gym.com",
  "ip": "",
  "success": true
}
2026-08-15 02:08:01 [INFO]: Login Attempt
{
  "service": "auth",
  "userId": 3,
  "email": "trainer@gym.com",
  "ip": "::ffff:192.168.65.1",
  "success": true
}
2026-08-15 02:08:01 [INFO]: Login Attempt
{
  "service": "auth",
  "userId": 3,
  "email": "trainer@gym.com",
  "ip": "::ffff:192.168.65.1",
  "success": true
}
2026-08-15 02:08:01 [INFO]: Login Attempt
{
  "service": "auth",
  "userId": 3,
  "email": "trainer@gym.com",
  "ip": "::ffff:192.168.65.1",
  "success": true
}
2026-08-15 02:08:02 [INFO]: Login Attempt
{
  "service": "auth",
  "userId": 3,
  "email": "trainer@gym.com",
  "ip": "::ffff:192.168.65.1",
  "success": true
}
2026-08-15 02:08:02 [INFO]: Login Attempt
{
  "service": "auth",
  "userId": 3,
  "email": "trainer@gym.com",
  "ip": "::ffff:192.168.65.1",
  "success": true
}
2026-08-15 02:08:07 [INFO]: Login Attempt
{
  "service": "auth",
  "userId": 3,
  "email": "trainer@gym.com",
  "ip": "::ffff:192.168.65.1",
  "success": true
}
2026-08-15 02:08:07 [INFO]: Login Attempt
{
  "service": "auth",
  "userId": 3,
  "email": "trainer@gym.com",
  "ip": "::ffff:192.168.65.1",
  "success": true
}
2026-08-15 02:08:07 [INFO]: Login Attempt
{
  "service": "auth",
  "userId": 3,
  "email": "trainer@gym.com",
  "ip": "::ffff:192.168.65.1",
  "success": true
}
2026-08-15 02:08:07 [INFO]: Login Attempt
{
  "service": "auth",
  "userId": 3,
  "email": "trainer@gym.com",
  "ip": "::ffff:192.168.65.1",
  "success": true
}
2026-08-15 02:08:11 [INFO]: Login Attempt
{
  "service": "auth",
  "userId": 3,
  "email": "trainer@gym.com",
  "ip": "::ffff:192.168.65.1",
  "success": true
}
2026-08-15 02:08:11 [INFO]: Login Attempt
{
  "service": "auth",
  "userId": 3,
  "email": "trainer@gym.com",
  "ip": "::ffff:192.168.65.1",
  "success": true
}
2026-08-15 02:08:11 [INFO]: Login Attempt
{
  "service": "auth",
  "userId": 3,
  "email": "trainer@gym.com",
  "ip": "::ffff:192.168.65.1",
  "success": true
}
2026-08-15 02:08:11 [INFO]: Login Attempt
{
  "service": "auth",
  "userId": 3,
  "email": "trainer@gym.com",
  "ip": "::ffff:192.168.65.1",
  "success": true
}
2026-08-15 02:08:43 [INFO]: Login Attempt
{
  "service": "auth",
  "userId": 3,
  "email": "trainer@gym.com",
  "ip": "::ffff:192.168.65.1",
  "success": true
}
2026-08-15 02:08:43 [INFO]: Login Attempt
{
  "service": "auth",
  "userId": 3,
  "email": "trainer@gym.com",
  "ip": "::ffff:192.168.65.1",
  "success": true
}
2026-08-15 02:08:43 [INFO]: Login Attempt
{
  "service": "auth",
  "userId": 3,
  "email": "trainer@gym.com",
  "ip": "::ffff:192.168.65.1",
  "success": true
}
2026-08-15 02:08:43 [INFO]: Login Attempt
{
  "service": "auth",
  "userId": 3,
  "email": "trainer@gym.com",
  "ip": "::ffff:192.168.65.1",
  "success": true
}
2026-08-15 02:08:45 [INFO]: Login Attempt
{
  "service": "auth",
  "userId": 3,
  "email": "trainer@gym.com",
  "ip": "::ffff:192.168.65.1",
  "success": true
}
2026-08-15 02:08:45 [INFO]: Login Attempt
{
  "service": "auth",
  "userId": 3,
  "email": "trainer@gym.com",
  "ip": "::ffff:192.168.65.1",
  "success": true
}
2026-08-15 02:08:45 [INFO]: Login Attempt
{
  "service": "auth",
  "userId": 3,
  "email": "trainer@gym.com",
  "ip": "::ffff:192.168.65.1",
  "success": true
}
2026-08-15 02:08:45 [INFO]: Login Attempt
{
  "service": "auth",
  "userId": 3,
  "email": "trainer@gym.com",
  "ip": "::ffff:192.168.65.1",
  "success": true
}
2026-08-15 02:08:54 [INFO]: Login Attempt
{
  "service": "auth",
  "userId": 3,
  "email": "trainer@gym.com",
  "ip": "::ffff:192.168.65.1",
  "success": true
}
2026-08-15 02:08:54 [WARN]: Client Error 400: Validation failed: dateOfBirth: Please provide a valid date of birth
{
  "url": "/api/auth/profile",
  "method": "PUT",
  "ip": "::ffff:192.168.65.1",
  "userAgent": "Mozilla/5.0 (Macintosh; Intel Mac OS X 10_15_7) AppleWebKit/537.36 (KHTML, like Gecko) Chrome/151.0.0.0 Safari/537.36",
  "userId": 3,
  "body": {
    "fullName": "John Trainer 123",
    "phone": "0123456791",
    "dateOfBirth": "",
    "gender": "MALE",
    "address": "",
    "bio": ""
  },
  "params": {},
  "query": {}
}
2026-08-15 02:09:01 [INFO]: Login Attempt
{
  "service": "auth",
  "userId": 3,
  "email": "trainer@gym.com",
  "ip": "::ffff:192.168.65.1",
  "success": true
}
2026-08-15 02:09:01 [WARN]: Database Validation Error
{
  "url": "/api/auth/profile",
  "method": "PUT",
  "ip": "::ffff:192.168.65.1",
  "userAgent": "Mozilla/5.0 (Macintosh; Intel Mac OS X 10_15_7) AppleWebKit/537.36 (KHTML, like Gecko) Chrome/151.0.0.0 Safari/537.36",
  "userId": 3,
  "body": {
    "fullName": "John Trainer 123",
    "phone": "0123456791",
    "dateOfBirth": "2026-08-15",
    "gender": "MALE",
    "address": "",
    "bio": ""
  },
  "params": {},
  "query": {},
  "errors": [
    {
      "message": "Validation isBefore on dateOfBirth failed",
      "type": "Validation error",
      "path": "dateOfBirth",
      "value": "2026-08-15",
      "origin": "FUNCTION",
      "instance": {
        "id": null,
        "fullName": "John Trainer 123",
        "dateOfBirth": "2026-08-15",
        "gender": "MALE",
        "address": "",
        "bio": "",
        "updated_at": "2026-08-15T02:09:01.504Z"
      },
      "validatorKey": "isBefore",
      "validatorName": "isBefore",
      "validatorArgs": [
        "2026-08-14"
      ],
      "original": {
        "validatorName": "isBefore",
        "validatorArgs": [
          "2026-08-14"
        ]
      }
    }
  ]
}
2026-08-15 02:09:18 [INFO]: Login Attempt
{
  "service": "auth",
  "userId": 3,
  "email": "trainer@gym.com",
  "ip": "::ffff:192.168.65.1",
  "success": true
}
2026-08-15 02:09:18 [WARN]: Database Validation Error
{
  "url": "/api/auth/profile",
  "method": "PUT",
  "ip": "::ffff:192.168.65.1",
  "userAgent": "Mozilla/5.0 (Macintosh; Intel Mac OS X 10_15_7) AppleWebKit/537.36 (KHTML, like Gecko) Chrome/151.0.0.0 Safari/537.36",
  "userId": 3,
  "body": {
    "fullName": "John Trainer",
    "phone": "0123456791",
    "dateOfBirth": "2026-08-15",
    "gender": "MALE",
    "address": "",
    "bio": ""
  },
  "params": {},
  "query": {},
  "errors": [
    {
      "message": "Validation isBefore on dateOfBirth failed",
      "type": "Validation error",
      "path": "dateOfBirth",
      "value": "2026-08-15",
      "origin": "FUNCTION",
      "instance": {
        "id": null,
        "fullName": "John Trainer",
        "dateOfBirth": "2026-08-15",
        "gender": "MALE",
        "address": "",
        "bio": "",
        "updated_at": "2026-08-15T02:09:18.658Z"
      },
      "validatorKey": "isBefore",
      "validatorName": "isBefore",
      "validatorArgs": [
        "2026-08-14"
      ],
      "original": {
        "validatorName": "isBefore",
        "validatorArgs": [
          "2026-08-14"
        ]
      }
    }
  ]
}
2026-08-15 02:09:21 [INFO]: Login Attempt
{
  "service": "auth",
  "userId": 3,
  "email": "trainer@gym.com",
  "ip": "::ffff:192.168.65.1",
  "success": true
}
2026-08-15 02:09:21 [INFO]: Login Attempt
{
  "service": "auth",
  "userId": 3,
  "email": "trainer@gym.com",
  "ip": "::ffff:192.168.65.1",
  "success": true
}
2026-08-15 02:09:21 [INFO]: Login Attempt
{
  "service": "auth",
  "userId": 3,
  "email": "trainer@gym.com",
  "ip": "::ffff:192.168.65.1",
  "success": true
}
2026-08-15 02:09:21 [INFO]: Login Attempt
{
  "service": "auth",
  "userId": 3,
  "email": "trainer@gym.com",
  "ip": "::ffff:192.168.65.1",
  "success": true
}
2026-08-15 02:09:25 [INFO]: Login Attempt
{
  "service": "auth",
  "userId": 3,
  "email": "trainer@gym.com",
  "ip": "::ffff:192.168.65.1",
  "success": true
}
2026-08-15 02:09:25 [INFO]: Login Attempt
{
  "service": "auth",
  "userId": 3,
  "email": "trainer@gym.com",
  "ip": "::ffff:192.168.65.1",
  "success": true
}
2026-08-15 02:09:25 [INFO]: Login Attempt
{
  "service": "auth",
  "userId": 3,
  "email": "trainer@gym.com",
  "ip": "::ffff:192.168.65.1",
  "success": true
}
2026-08-15 02:09:25 [INFO]: Login Attempt
{
  "service": "auth",
  "userId": 3,
  "email": "trainer@gym.com",
  "ip": "::ffff:192.168.65.1",
  "success": true
}
2026-08-15 02:09:31 [INFO]: Login Attempt
{
  "service": "auth",
  "userId": 3,
  "email": "trainer@gym.com",
  "ip": "::ffff:192.168.65.1",
  "success": true
}
2026-08-15 02:09:31 [INFO]: User Logout
{
  "service": "auth",
  "userId": 3,
  "email": "trainer@gym.com"
}
2026-08-15 02:09:35 [INFO]: Login Attempt
{
  "service": "auth",
  "userId": 1,
  "email": "admin@gym.com",
  "ip": "",
  "success": true
}
2026-08-15 02:09:35 [INFO]: Login Attempt
{
  "service": "auth",
  "userId": 1,
  "email": "admin@gym.com",
  "ip": "::ffff:192.168.65.1",
  "success": true
}
2026-08-15 02:09:35 [INFO]: Login Attempt
{
  "service": "auth",
  "userId": 1,
  "email": "admin@gym.com",
  "ip": "::ffff:192.168.65.1",
  "success": true
}
2026-08-15 02:09:35 [INFO]: Login Attempt
{
  "service": "auth",
  "userId": 1,
  "email": "admin@gym.com",
  "ip": "::ffff:192.168.65.1",
  "success": true
}
2026-08-15 02:09:38 [INFO]: Login Attempt
{
  "service": "auth",
  "userId": 1,
  "email": "admin@gym.com",
  "ip": "::ffff:192.168.65.1",
  "success": true
}
2026-08-15 02:09:38 [INFO]: Login Attempt
{
  "service": "auth",
  "userId": 1,
  "email": "admin@gym.com",
  "ip": "::ffff:192.168.65.1",
  "success": true
}
2026-08-15 02:09:38 [INFO]: Login Attempt
{
  "service": "auth",
  "userId": 1,
  "email": "admin@gym.com",
  "ip": "::ffff:192.168.65.1",
  "success": true
}
2026-08-15 02:09:38 [INFO]: Login Attempt
{
  "service": "auth",
  "userId": 1,
  "email": "admin@gym.com",
  "ip": "::ffff:192.168.65.1",
  "success": true
}
2026-08-15 02:09:40 [INFO]: Login Attempt
{
  "service": "auth",
  "userId": 1,
  "email": "admin@gym.com",
  "ip": "::ffff:192.168.65.1",
  "success": true
}
2026-08-15 02:09:40 [INFO]: Login Attempt
{
  "service": "auth",
  "userId": 1,
  "email": "admin@gym.com",
  "ip": "::ffff:192.168.65.1",
  "success": true
}
2026-08-15 02:09:40 [INFO]: Login Attempt
{
  "service": "auth",
  "userId": 1,
  "email": "admin@gym.com",
  "ip": "::ffff:192.168.65.1",
  "success": true
}
2026-08-15 02:09:40 [INFO]: Login Attempt
{
  "service": "auth",
  "userId": 1,
  "email": "admin@gym.com",
  "ip": "::ffff:192.168.65.1",
  "success": true
}
2026-08-15 02:09:44 [INFO]: Login Attempt
{
  "service": "auth",
  "userId": 1,
  "email": "admin@gym.com",
  "ip": "::ffff:192.168.65.1",
  "success": true
}
2026-08-15 02:09:44 [INFO]: Login Attempt
{
  "service": "auth",
  "userId": 1,
  "email": "admin@gym.com",
  "ip": "::ffff:192.168.65.1",
  "success": true
}
2026-08-15 02:09:44 [INFO]: Login Attempt
{
  "service": "auth",
  "userId": 1,
  "email": "admin@gym.com",
  "ip": "::ffff:192.168.65.1",
  "success": true
}
2026-08-15 02:09:44 [INFO]: Login Attempt
{
  "service": "auth",
  "userId": 1,
  "email": "admin@gym.com",
  "ip": "::ffff:192.168.65.1",
  "success": true
}
2026-08-15 02:10:17 [INFO]: Login Attempt
{
  "service": "auth",
  "userId": 1,
  "email": "admin@gym.com",
  "ip": "::ffff:192.168.65.1",
  "success": true
}
2026-08-15 02:10:17 [INFO]: Login Attempt
{
  "service": "auth",
  "userId": 1,
  "email": "admin@gym.com",
  "ip": "::ffff:192.168.65.1",
  "success": true
}
2026-08-15 02:10:17 [INFO]: Login Attempt
{
  "service": "auth",
  "userId": 1,
  "email": "admin@gym.com",
  "ip": "::ffff:192.168.65.1",
  "success": true
}
2026-08-15 02:10:17 [INFO]: Login Attempt
{
  "service": "auth",
  "userId": 1,
  "email": "admin@gym.com",
  "ip": "::ffff:192.168.65.1",
  "success": true
}
2026-08-15 02:10:37 [INFO]: Login Attempt
{
  "service": "auth",
  "userId": 1,
  "email": "admin@gym.com",
  "ip": "::ffff:192.168.65.1",
  "success": true
}
2026-08-15 02:10:37 [WARN]: Client Error 400: Validation failed: password: Password must be at least 8 characters long, password: Password must contain at least one lowercase letter, one uppercase letter, one number, and one special character
{
  "url": "/api/members",
  "method": "POST",
  "ip": "::ffff:192.168.65.1",
  "userAgent": "Mozilla/5.0 (Macintosh; Intel Mac OS X 10_15_7) AppleWebKit/537.36 (KHTML, like Gecko) Chrome/151.0.0.0 Safari/537.36",
  "userId": 1,
  "body": {
    "username": "abc",
    "email": "tranthimyduyen702@gmail.com",
    "password": "123456",
    "phone": "12345678",
    "fullName": "Duyên Trần",
    "gender": "MALE",
    "dateOfBirth": "2026-08-15"
  },
  "params": {},
  "query": {}
}
2026-08-15 02:10:48 [INFO]: Login Attempt
{
  "service": "auth",
  "userId": 1,
  "email": "admin@gym.com",
  "ip": "::ffff:192.168.65.1",
  "success": true
}
2026-08-15 02:10:48 [WARN]: Client Error 400: Validation failed: password: Password must be at least 8 characters long, password: Password must contain at least one lowercase letter, one uppercase letter, one number, and one special character
{
  "url": "/api/members",
  "method": "POST",
  "ip": "::ffff:192.168.65.1",
  "userAgent": "Mozilla/5.0 (Macintosh; Intel Mac OS X 10_15_7) AppleWebKit/537.36 (KHTML, like Gecko) Chrome/151.0.0.0 Safari/537.36",
  "userId": 1,
  "body": {
    "username": "abc",
    "email": "abc@gmail.com",
    "password": "123456",
    "phone": "12345678",
    "fullName": "Duyên Trần",
    "gender": "MALE",
    "dateOfBirth": "2026-08-15"
  },
  "params": {},
  "query": {}
}
2026-08-15 02:10:55 [INFO]: Login Attempt
{
  "service": "auth",
  "userId": 1,
  "email": "admin@gym.com",
  "ip": "::ffff:192.168.65.1",
  "success": true
}
2026-08-15 02:10:55 [INFO]: Login Attempt
{
  "service": "auth",
  "userId": 1,
  "email": "admin@gym.com",
  "ip": "::ffff:192.168.65.1",
  "success": true
}
2026-08-15 02:10:55 [INFO]: Login Attempt
{
  "service": "auth",
  "userId": 1,
  "email": "admin@gym.com",
  "ip": "::ffff:192.168.65.1",
  "success": true
}
2026-08-15 02:10:55 [INFO]: Login Attempt
{
  "service": "auth",
  "userId": 1,
  "email": "admin@gym.com",
  "ip": "::ffff:192.168.65.1",
  "success": true
}
2026-08-15 02:10:55 [INFO]: Login Attempt
{
  "service": "auth",
  "userId": 1,
  "email": "admin@gym.com",
  "ip": "::ffff:192.168.65.1",
  "success": true
}
2026-08-15 02:10:55 [INFO]: Login Attempt
{
  "service": "auth",
  "userId": 1,
  "email": "admin@gym.com",
  "ip": "::ffff:192.168.65.1",
  "success": true
}
2026-08-15 02:11:23 [INFO]: Login Attempt
{
  "service": "auth",
  "userId": 1,
  "email": "admin@gym.com",
  "ip": "::ffff:192.168.65.1",
  "success": true
}
2026-08-15 02:11:23 [WARN]: Client Error 400: Validation failed: password: Password must be at least 8 characters long, password: Password must contain at least one lowercase letter, one uppercase letter, one number, and one special character
{
  "url": "/api/members",
  "method": "POST",
  "ip": "::ffff:192.168.65.1",
  "userAgent": "Mozilla/5.0 (Macintosh; Intel Mac OS X 10_15_7) AppleWebKit/537.36 (KHTML, like Gecko) Chrome/151.0.0.0 Safari/537.36",
  "userId": 1,
  "body": {
    "username": "abc",
    "email": "abc@gmail.com",
    "password": "123456",
    "phone": "123456789",
    "fullName": "toankh",
    "gender": "MALE",
    "dateOfBirth": "2026-08-15"
  },
  "params": {},
  "query": {}
}
2026-08-15 02:11:59 [INFO]: Login Attempt
{
  "service": "auth",
  "userId": 1,
  "email": "admin@gym.com",
  "ip": "::ffff:192.168.65.1",
  "success": true
}
2026-08-15 02:11:59 [ERROR]: HTTP Error
Error: Failed to create member: Cannot read properties of undefined (reading 'slice')
    at Object.internal (/app/src/middlewares/error.middleware.ts:255:35)
    at /app/src/controllers/member.controller.ts:263:23
    at processTicksAndRejections (node:internal/process/task_queues:95:5)
{
  "service": "http",
  "method": "POST",
  "url": "/api/members",
  "statusCode": 500,
  "error": "Failed to create member: Cannot read properties of undefined (reading 'slice')"
}
2026-08-15 02:12:15 [INFO]: Login Attempt
{
  "service": "auth",
  "userId": 1,
  "email": "admin@gym.com",
  "ip": "::ffff:192.168.65.1",
  "success": true
}
2026-08-15 02:12:15 [ERROR]: HTTP Error
Error: Failed to create member: Cannot read properties of undefined (reading 'slice')
    at Object.internal (/app/src/middlewares/error.middleware.ts:255:35)
    at /app/src/controllers/member.controller.ts:263:23
    at processTicksAndRejections (node:internal/process/task_queues:95:5)
{
  "service": "http",
  "method": "POST",
  "url": "/api/members",
  "statusCode": 500,
  "error": "Failed to create member: Cannot read properties of undefined (reading 'slice')"
}
2026-08-15 02:17:46 [INFO]: Login Attempt
{
  "service": "auth",
  "userId": 1,
  "email": "admin@gym.com",
  "ip": "::ffff:192.168.65.1",
  "success": true
}
2026-08-15 02:17:46 [INFO]: User Logout
{
  "service": "auth",
  "userId": 1,
  "email": "admin@gym.com"
}
2026-08-15 02:17:53 [INFO]: Login Attempt
{
  "service": "auth",
  "userId": 3,
  "email": "trainer@gym.com",
  "ip": "",
  "success": true
}
2026-08-15 02:17:53 [INFO]: Login Attempt
{
  "service": "auth",
  "userId": 3,
  "email": "trainer@gym.com",
  "ip": "::ffff:192.168.65.1",
  "success": true
}
2026-08-15 02:17:53 [INFO]: Login Attempt
{
  "service": "auth",
  "userId": 3,
  "email": "trainer@gym.com",
  "ip": "::ffff:192.168.65.1",
  "success": true
}
2026-08-15 02:17:53 [INFO]: Login Attempt
{
  "service": "auth",
  "userId": 3,
  "email": "trainer@gym.com",
  "ip": "::ffff:192.168.65.1",
  "success": true
}
2026-08-15 02:17:53 [INFO]: Login Attempt
{
  "service": "auth",
  "userId": 3,
  "email": "trainer@gym.com",
  "ip": "::ffff:192.168.65.1",
  "success": true
}
2026-08-15 02:17:53 [INFO]: Login Attempt
{
  "service": "auth",
  "userId": 3,
  "email": "trainer@gym.com",
  "ip": "::ffff:192.168.65.1",
  "success": true
}
2026-08-15 02:17:55 [INFO]: Login Attempt
{
  "service": "auth",
  "userId": 3,
  "email": "trainer@gym.com",
  "ip": "::ffff:192.168.65.1",
  "success": true
}
2026-08-15 02:17:55 [INFO]: Login Attempt
{
  "service": "auth",
  "userId": 3,
  "email": "trainer@gym.com",
  "ip": "::ffff:192.168.65.1",
  "success": true
}
2026-08-15 02:17:55 [INFO]: Login Attempt
{
  "service": "auth",
  "userId": 3,
  "email": "trainer@gym.com",
  "ip": "::ffff:192.168.65.1",
  "success": true
}
2026-08-15 02:17:55 [INFO]: Login Attempt
{
  "service": "auth",
  "userId": 3,
  "email": "trainer@gym.com",
  "ip": "::ffff:192.168.65.1",
  "success": true
}
2026-08-15 02:18:21 [INFO]: Database connection established successfully (development)
2026-08-15 02:18:21 [INFO]: Database ready for use (using migrations)
2026-08-15 02:18:21 [INFO]: Database connected successfully
2026-08-15 02:18:21 [INFO]: Session store configured (memory store)
2026-08-15 02:18:21 [INFO]: Redis session store configured
2026-08-15 02:18:21 [INFO]: 🚀 Server running on port 5000 in development mode
2026-08-15 02:18:21 [INFO]: 📊 API Health: http://localhost:5000/api/health
2026-08-15 02:18:21 [INFO]: 📖 API Docs: http://localhost:5000/api/docs
2026-08-15 02:18:27 [INFO]: Redis Client Connected
2026-08-15 02:18:27 [INFO]: Redis Client Connected
2026-08-15 02:18:27 [INFO]: Redis Client Ready
2026-08-15 02:18:27 [INFO]: Redis Client Ready
2026-08-15 02:18:27 [INFO]: Login Attempt
{
  "service": "auth",
  "userId": 3,
  "email": "trainer@gym.com",
  "ip": "::ffff:192.168.65.1",
  "success": true
}
2026-08-15 02:18:27 [INFO]: Login Attempt
{
  "service": "auth",
  "userId": 3,
  "email": "trainer@gym.com",
  "ip": "::ffff:192.168.65.1",
  "success": true
}
2026-08-15 02:18:35 [INFO]: Database connection established successfully (development)
2026-08-15 02:18:35 [INFO]: Database ready for use (using migrations)
2026-08-15 02:18:35 [INFO]: Database connected successfully
2026-08-15 02:18:35 [INFO]: Session store configured (memory store)
2026-08-15 02:18:35 [INFO]: Redis session store configured
2026-08-15 02:18:35 [INFO]: 🚀 Server running on port 5000 in development mode
2026-08-15 02:18:35 [INFO]: 📊 API Health: http://localhost:5000/api/health
2026-08-15 02:18:35 [INFO]: 📖 API Docs: http://localhost:5000/api/docs
2026-08-15 02:18:48 [INFO]: Database connection established successfully (development)
2026-08-15 02:18:48 [INFO]: Database ready for use (using migrations)
2026-08-15 02:18:48 [INFO]: Database connected successfully
2026-08-15 02:18:48 [INFO]: Session store configured (memory store)
2026-08-15 02:18:48 [INFO]: Redis session store configured
2026-08-15 02:18:48 [INFO]: 🚀 Server running on port 5000 in development mode
2026-08-15 02:18:48 [INFO]: 📊 API Health: http://localhost:5000/api/health
2026-08-15 02:18:48 [INFO]: 📖 API Docs: http://localhost:5000/api/docs
2026-08-15 02:18:52 [INFO]: Database connection established successfully (development)
2026-08-15 02:18:52 [INFO]: Database ready for use (using migrations)
2026-08-15 02:18:52 [INFO]: Database connected successfully
2026-08-15 02:18:52 [INFO]: Session store configured (memory store)
2026-08-15 02:18:52 [INFO]: Redis session store configured
2026-08-15 02:18:52 [INFO]: 🚀 Server running on port 5000 in development mode
2026-08-15 02:18:52 [INFO]: 📊 API Health: http://localhost:5000/api/health
2026-08-15 02:18:52 [INFO]: 📖 API Docs: http://localhost:5000/api/docs
2026-08-15 02:19:00 [INFO]: Redis Client Connected
2026-08-15 02:19:00 [INFO]: Redis Client Connected
2026-08-15 02:19:00 [INFO]: Redis Client Ready
2026-08-15 02:19:00 [INFO]: Redis Client Ready
2026-08-15 02:19:00 [INFO]: Login Attempt
{
  "service": "auth",
  "userId": 3,
  "email": "trainer@gym.com",
  "ip": "::ffff:192.168.65.1",
  "success": true
}
2026-08-15 02:19:00 [INFO]: Login Attempt
{
  "service": "auth",
  "userId": 3,
  "email": "trainer@gym.com",
  "ip": "::ffff:192.168.65.1",
  "success": true
}
2026-08-15 02:19:00 [INFO]: Login Attempt
{
  "service": "auth",
  "userId": 3,
  "email": "trainer@gym.com",
  "ip": "::ffff:192.168.65.1",
  "success": true
}
2026-08-15 02:19:00 [INFO]: Login Attempt
{
  "service": "auth",
  "userId": 3,
  "email": "trainer@gym.com",
  "ip": "::ffff:192.168.65.1",
  "success": true
}
2026-08-15 02:19:02 [INFO]: Database connection established successfully (development)
2026-08-15 02:19:02 [INFO]: Database ready for use (using migrations)
2026-08-15 02:19:02 [INFO]: Database connected successfully
2026-08-15 02:19:02 [INFO]: Session store configured (memory store)
2026-08-15 02:19:02 [INFO]: Redis session store configured
2026-08-15 02:19:02 [INFO]: 🚀 Server running on port 5000 in development mode
2026-08-15 02:19:02 [INFO]: 📊 API Health: http://localhost:5000/api/health
2026-08-15 02:19:02 [INFO]: 📖 API Docs: http://localhost:5000/api/docs
2026-08-15 02:19:06 [INFO]: Database connection established successfully (development)
2026-08-15 02:19:06 [INFO]: Database ready for use (using migrations)
2026-08-15 02:19:06 [INFO]: Database connected successfully
2026-08-15 02:19:06 [INFO]: Session store configured (memory store)
2026-08-15 02:19:06 [INFO]: Redis session store configured
2026-08-15 02:19:06 [INFO]: 🚀 Server running on port 5000 in development mode
2026-08-15 02:19:06 [INFO]: 📊 API Health: http://localhost:5000/api/health
2026-08-15 02:19:06 [INFO]: 📖 API Docs: http://localhost:5000/api/docs
2026-08-15 02:19:11 [INFO]: Database connection established successfully (development)
2026-08-15 02:19:11 [INFO]: Database ready for use (using migrations)
2026-08-15 02:19:11 [INFO]: Database connected successfully
2026-08-15 02:19:11 [INFO]: Session store configured (memory store)
2026-08-15 02:19:11 [INFO]: Redis session store configured
2026-08-15 02:19:11 [INFO]: 🚀 Server running on port 5000 in development mode
2026-08-15 02:19:11 [INFO]: 📊 API Health: http://localhost:5000/api/health
2026-08-15 02:19:11 [INFO]: 📖 API Docs: http://localhost:5000/api/docs
2026-08-15 02:19:18 [INFO]: Redis Client Connected
2026-08-15 02:19:18 [INFO]: Redis Client Connected
2026-08-15 02:19:18 [INFO]: Redis Client Ready
2026-08-15 02:19:18 [INFO]: Redis Client Ready
2026-08-15 02:19:18 [INFO]: Login Attempt
{
  "service": "auth",
  "userId": 3,
  "email": "trainer@gym.com",
  "ip": "::ffff:192.168.65.1",
  "success": true
}
2026-08-15 02:19:18 [INFO]: Login Attempt
{
  "service": "auth",
  "userId": 3,
  "email": "trainer@gym.com",
  "ip": "::ffff:192.168.65.1",
  "success": true
}
2026-08-15 02:19:18 [INFO]: Login Attempt
{
  "service": "auth",
  "userId": 3,
  "email": "trainer@gym.com",
  "ip": "::ffff:192.168.65.1",
  "success": true
}
2026-08-15 02:19:18 [INFO]: Login Attempt
{
  "service": "auth",
  "userId": 3,
  "email": "trainer@gym.com",
  "ip": "::ffff:192.168.65.1",
  "success": true
}
2026-08-15 02:19:19 [INFO]: Login Attempt
{
  "service": "auth",
  "userId": 3,
  "email": "trainer@gym.com",
  "ip": "::ffff:192.168.65.1",
  "success": true
}
2026-08-15 02:19:19 [INFO]: Login Attempt
{
  "service": "auth",
  "userId": 3,
  "email": "trainer@gym.com",
  "ip": "::ffff:192.168.65.1",
  "success": true
}
2026-08-15 02:19:19 [INFO]: Login Attempt
{
  "service": "auth",
  "userId": 3,
  "email": "trainer@gym.com",
  "ip": "::ffff:192.168.65.1",
  "success": true
}
2026-08-15 02:19:19 [INFO]: Login Attempt
{
  "service": "auth",
  "userId": 3,
  "email": "trainer@gym.com",
  "ip": "::ffff:192.168.65.1",
  "success": true
}
2026-08-15 02:19:21 [INFO]: Login Attempt
{
  "service": "auth",
  "userId": 3,
  "email": "trainer@gym.com",
  "ip": "::ffff:192.168.65.1",
  "success": true
}
2026-08-15 02:19:21 [INFO]: Login Attempt
{
  "service": "auth",
  "userId": 3,
  "email": "trainer@gym.com",
  "ip": "::ffff:192.168.65.1",
  "success": true
}
2026-08-15 02:19:21 [INFO]: Login Attempt
{
  "service": "auth",
  "userId": 3,
  "email": "trainer@gym.com",
  "ip": "::ffff:192.168.65.1",
  "success": true
}
2026-08-15 02:19:21 [INFO]: Login Attempt
{
  "service": "auth",
  "userId": 3,
  "email": "trainer@gym.com",
  "ip": "::ffff:192.168.65.1",
  "success": true
}
2026-08-15 02:19:23 [INFO]: Login Attempt
{
  "service": "auth",
  "userId": 3,
  "email": "trainer@gym.com",
  "ip": "::ffff:192.168.65.1",
  "success": true
}
2026-08-15 02:19:23 [INFO]: Login Attempt
{
  "service": "auth",
  "userId": 3,
  "email": "trainer@gym.com",
  "ip": "::ffff:192.168.65.1",
  "success": true
}
2026-08-15 02:19:23 [INFO]: Login Attempt
{
  "service": "auth",
  "userId": 3,
  "email": "trainer@gym.com",
  "ip": "::ffff:192.168.65.1",
  "success": true
}
2026-08-15 02:19:23 [INFO]: Login Attempt
{
  "service": "auth",
  "userId": 3,
  "email": "trainer@gym.com",
  "ip": "::ffff:192.168.65.1",
  "success": true
}
2026-08-15 02:19:26 [INFO]: Login Attempt
{
  "service": "auth",
  "userId": 3,
  "email": "trainer@gym.com",
  "ip": "::ffff:192.168.65.1",
  "success": true
}
2026-08-15 02:19:26 [INFO]: Login Attempt
{
  "service": "auth",
  "userId": 3,
  "email": "trainer@gym.com",
  "ip": "::ffff:192.168.65.1",
  "success": true
}
2026-08-15 02:19:26 [INFO]: Login Attempt
{
  "service": "auth",
  "userId": 3,
  "email": "trainer@gym.com",
  "ip": "::ffff:192.168.65.1",
  "success": true
}
2026-08-15 02:19:26 [INFO]: Login Attempt
{
  "service": "auth",
  "userId": 3,
  "email": "trainer@gym.com",
  "ip": "::ffff:192.168.65.1",
  "success": true
}
2026-08-15 02:20:17 [INFO]: Login Attempt
{
  "service": "auth",
  "userId": 3,
  "email": "trainer@gym.com",
  "ip": "::ffff:192.168.65.1",
  "success": true
}
2026-08-15 02:20:17 [INFO]: Login Attempt
{
  "service": "auth",
  "userId": 3,
  "email": "trainer@gym.com",
  "ip": "::ffff:192.168.65.1",
  "success": true
}
2026-08-15 02:20:18 [INFO]: Login Attempt
{
  "service": "auth",
  "userId": 3,
  "email": "trainer@gym.com",
  "ip": "::ffff:192.168.65.1",
  "success": true
}
2026-08-15 02:20:18 [INFO]: Login Attempt
{
  "service": "auth",
  "userId": 3,
  "email": "trainer@gym.com",
  "ip": "::ffff:192.168.65.1",
  "success": true
}
2026-08-15 02:20:18 [INFO]: Login Attempt
{
  "service": "auth",
  "userId": 3,
  "email": "trainer@gym.com",
  "ip": "::ffff:192.168.65.1",
  "success": true
}
2026-08-15 02:20:18 [INFO]: Login Attempt
{
  "service": "auth",
  "userId": 3,
  "email": "trainer@gym.com",
  "ip": "::ffff:192.168.65.1",
  "success": true
}
2026-08-15 02:20:19 [INFO]: Login Attempt
{
  "service": "auth",
  "userId": 3,
  "email": "trainer@gym.com",
  "ip": "::ffff:192.168.65.1",
  "success": true
}
2026-08-15 02:20:19 [INFO]: User Logout
{
  "service": "auth",
  "userId": 3,
  "email": "trainer@gym.com"
}
2026-08-15 02:20:23 [INFO]: Login Attempt
{
  "service": "auth",
  "userId": 1,
  "email": "admin@gym.com",
  "ip": "",
  "success": true
}
2026-08-15 02:20:23 [INFO]: Login Attempt
{
  "service": "auth",
  "userId": 1,
  "email": "admin@gym.com",
  "ip": "::ffff:192.168.65.1",
  "success": true
}
2026-08-15 02:20:24 [INFO]: Login Attempt
{
  "service": "auth",
  "userId": 1,
  "email": "admin@gym.com",
  "ip": "::ffff:192.168.65.1",
  "success": true
}
2026-08-15 02:20:24 [INFO]: Login Attempt
{
  "service": "auth",
  "userId": 1,
  "email": "admin@gym.com",
  "ip": "::ffff:192.168.65.1",
  "success": true
}
2026-08-15 02:20:31 [INFO]: Login Attempt
{
  "service": "auth",
  "userId": 1,
  "email": "admin@gym.com",
  "ip": "::ffff:192.168.65.1",
  "success": true
}
2026-08-15 02:20:31 [WARN]: Client Error 400: Validation failed: dateOfBirth: Please provide a valid date of birth
{
  "url": "/api/auth/profile",
  "method": "PUT",
  "ip": "::ffff:192.168.65.1",
  "userAgent": "Mozilla/5.0 (Macintosh; Intel Mac OS X 10_15_7) AppleWebKit/537.36 (KHTML, like Gecko) Chrome/151.0.0.0 Safari/537.36",
  "userId": 1,
  "body": {
    "fullName": "System Administrator 123",
    "phone": "0123456789",
    "dateOfBirth": "",
    "gender": "OTHER",
    "address": "",
    "bio": ""
  },
  "params": {},
  "query": {}
}
2026-08-15 02:20:36 [INFO]: Login Attempt
{
  "service": "auth",
  "userId": 1,
  "email": "admin@gym.com",
  "ip": "::ffff:192.168.65.1",
  "success": true
}
2026-08-15 02:20:36 [WARN]: Database Validation Error
{
  "url": "/api/auth/profile",
  "method": "PUT",
  "ip": "::ffff:192.168.65.1",
  "userAgent": "Mozilla/5.0 (Macintosh; Intel Mac OS X 10_15_7) AppleWebKit/537.36 (KHTML, like Gecko) Chrome/151.0.0.0 Safari/537.36",
  "userId": 1,
  "body": {
    "fullName": "System Administrator 123",
    "phone": "0123456789",
    "dateOfBirth": "2026-08-15",
    "gender": "OTHER",
    "address": "",
    "bio": ""
  },
  "params": {},
  "query": {},
  "errors": [
    {
      "message": "Validation isBefore on dateOfBirth failed",
      "type": "Validation error",
      "path": "dateOfBirth",
      "value": "2026-08-15",
      "origin": "FUNCTION",
      "instance": {
        "id": null,
        "fullName": "System Administrator 123",
        "dateOfBirth": "2026-08-15",
        "gender": "OTHER",
        "address": "",
        "bio": "",
        "updated_at": "2026-08-15T02:20:36.674Z"
      },
      "validatorKey": "isBefore",
      "validatorName": "isBefore",
      "validatorArgs": [
        "2026-08-15"
      ],
      "original": {
        "validatorName": "isBefore",
        "validatorArgs": [
          "2026-08-15"
        ]
      }
    }
  ]
}
2026-08-15 02:20:38 [INFO]: Login Attempt
{
  "service": "auth",
  "userId": 1,
  "email": "admin@gym.com",
  "ip": "::ffff:192.168.65.1",
  "success": true
}
2026-08-15 02:20:38 [WARN]: Database Validation Error
{
  "url": "/api/auth/profile",
  "method": "PUT",
  "ip": "::ffff:192.168.65.1",
  "userAgent": "Mozilla/5.0 (Macintosh; Intel Mac OS X 10_15_7) AppleWebKit/537.36 (KHTML, like Gecko) Chrome/151.0.0.0 Safari/537.36",
  "userId": 1,
  "body": {
    "fullName": "System Administrator 123",
    "phone": "0123456789",
    "dateOfBirth": "2026-08-15",
    "gender": "OTHER",
    "address": "",
    "bio": ""
  },
  "params": {},
  "query": {},
  "errors": [
    {
      "message": "Validation isBefore on dateOfBirth failed",
      "type": "Validation error",
      "path": "dateOfBirth",
      "value": "2026-08-15",
      "origin": "FUNCTION",
      "instance": {
        "id": null,
        "fullName": "System Administrator 123",
        "dateOfBirth": "2026-08-15",
        "gender": "OTHER",
        "address": "",
        "bio": "",
        "updated_at": "2026-08-15T02:20:38.086Z"
      },
      "validatorKey": "isBefore",
      "validatorName": "isBefore",
      "validatorArgs": [
        "2026-08-15"
      ],
      "original": {
        "validatorName": "isBefore",
        "validatorArgs": [
          "2026-08-15"
        ]
      }
    }
  ]
}
2026-08-15 02:24:07 [INFO]: Login Attempt
{
  "service": "auth",
  "userId": 1,
  "email": "admin@gym.com",
  "ip": "::ffff:192.168.65.1",
  "success": true
}
2026-08-15 02:24:07 [INFO]: User Logout
{
  "service": "auth",
  "userId": 1,
  "email": "admin@gym.com"
}
2026-08-15 02:24:10 [INFO]: Login Attempt
{
  "service": "auth",
  "userId": 1,
  "email": "admin@gym.com",
  "ip": "",
  "success": true
}
2026-08-15 02:24:10 [INFO]: Login Attempt
{
  "service": "auth",
  "userId": 1,
  "email": "admin@gym.com",
  "ip": "::ffff:192.168.65.1",
  "success": true
}
2026-08-15 02:24:10 [INFO]: Login Attempt
{
  "service": "auth",
  "userId": 1,
  "email": "admin@gym.com",
  "ip": "::ffff:192.168.65.1",
  "success": true
}
2026-08-15 02:24:11 [INFO]: Login Attempt
{
  "service": "auth",
  "userId": 1,
  "email": "admin@gym.com",
  "ip": "::ffff:192.168.65.1",
  "success": true
}
2026-08-15 02:24:23 [INFO]: Login Attempt
{
  "service": "auth",
  "userId": 1,
  "email": "admin@gym.com",
  "ip": "::ffff:192.168.65.1",
  "success": true
}
2026-08-15 02:24:23 [WARN]: Database Validation Error
{
  "url": "/api/auth/profile",
  "method": "PUT",
  "ip": "::ffff:192.168.65.1",
  "userAgent": "Mozilla/5.0 (Macintosh; Intel Mac OS X 10_15_7) AppleWebKit/537.36 (KHTML, like Gecko) Chrome/151.0.0.0 Safari/537.36",
  "userId": 1,
  "body": {
    "fullName": "System Administrator",
    "phone": "0123456789",
    "dateOfBirth": "2026-08-15",
    "gender": "OTHER",
    "address": "",
    "bio": ""
  },
  "params": {},
  "query": {},
  "errors": [
    {
      "message": "Validation isBefore on dateOfBirth failed",
      "type": "Validation error",
      "path": "dateOfBirth",
      "value": "2026-08-15",
      "origin": "FUNCTION",
      "instance": {
        "id": null,
        "fullName": "System Administrator",
        "dateOfBirth": "2026-08-15",
        "gender": "OTHER",
        "address": "",
        "bio": "",
        "updated_at": "2026-08-15T02:24:23.548Z"
      },
      "validatorKey": "isBefore",
      "validatorName": "isBefore",
      "validatorArgs": [
        "2026-08-15"
      ],
      "original": {
        "validatorName": "isBefore",
        "validatorArgs": [
          "2026-08-15"
        ]
      }
    }
  ]
}
2026-08-15 02:25:09 [INFO]: Login Attempt
{
  "service": "auth",
  "userId": 1,
  "email": "admin@gym.com",
  "ip": "::ffff:192.168.65.1",
  "success": true
}
2026-08-15 02:25:09 [INFO]: Login Attempt
{
  "service": "auth",
  "userId": 1,
  "email": "admin@gym.com",
  "ip": "::ffff:192.168.65.1",
  "success": true
}
2026-08-15 02:25:10 [INFO]: Login Attempt
{
  "service": "auth",
  "userId": 1,
  "email": "admin@gym.com",
  "ip": "::ffff:192.168.65.1",
  "success": true
}
2026-08-15 02:25:10 [INFO]: Login Attempt
{
  "service": "auth",
  "userId": 1,
  "email": "admin@gym.com",
  "ip": "::ffff:192.168.65.1",
  "success": true
}
2026-08-15 02:25:10 [INFO]: Login Attempt
{
  "service": "auth",
  "userId": 1,
  "email": "admin@gym.com",
  "ip": "::ffff:192.168.65.1",
  "success": true
}
2026-08-15 02:25:10 [INFO]: Login Attempt
{
  "service": "auth",
  "userId": 1,
  "email": "admin@gym.com",
  "ip": "::ffff:192.168.65.1",
  "success": true
}
2026-08-15 02:25:16 [INFO]: Login Attempt
{
  "service": "auth",
  "userId": 1,
  "email": "admin@gym.com",
  "ip": "::ffff:192.168.65.1",
  "success": true
}
2026-08-15 02:25:16 [INFO]: Login Attempt
{
  "service": "auth",
  "userId": 1,
  "email": "admin@gym.com",
  "ip": "::ffff:192.168.65.1",
  "success": true
}
2026-08-15 02:25:16 [INFO]: Login Attempt
{
  "service": "auth",
  "userId": 1,
  "email": "admin@gym.com",
  "ip": "::ffff:192.168.65.1",
  "success": true
}
2026-08-15 02:25:16 [INFO]: Login Attempt
{
  "service": "auth",
  "userId": 1,
  "email": "admin@gym.com",
  "ip": "::ffff:192.168.65.1",
  "success": true
}
2026-08-15 02:25:52 [INFO]: Login Attempt
{
  "service": "auth",
  "userId": 1,
  "email": "admin@gym.com",
  "ip": "::ffff:192.168.65.1",
  "success": true
}
2026-08-15 02:25:52 [INFO]: Login Attempt
{
  "service": "auth",
  "userId": 1,
  "email": "admin@gym.com",
  "ip": "::ffff:192.168.65.1",
  "success": true
}
2026-08-15 02:25:52 [INFO]: Login Attempt
{
  "service": "auth",
  "userId": 1,
  "email": "admin@gym.com",
  "ip": "::ffff:192.168.65.1",
  "success": true
}
2026-08-15 02:25:52 [INFO]: Login Attempt
{
  "service": "auth",
  "userId": 1,
  "email": "admin@gym.com",
  "ip": "::ffff:192.168.65.1",
  "success": true
}
2026-08-15 02:26:32 [INFO]: Login Attempt
{
  "service": "auth",
  "userId": 1,
  "email": "admin@gym.com",
  "ip": "::ffff:192.168.65.1",
  "success": true
}
2026-08-15 02:26:32 [ERROR]: HTTP Error
Error: Failed to create trainer: notNull Violation: User.createdAt cannot be null,
notNull Violation: User.updatedAt cannot be null,
Validation error: Validation len on phone failed
    at Object.internal (/app/src/middlewares/error.middleware.ts:255:35)
    at /app/src/controllers/trainer.controller.ts:287:23
    at processTicksAndRejections (node:internal/process/task_queues:95:5)
{
  "service": "http",
  "method": "POST",
  "url": "/api/trainers",
  "statusCode": 500,
  "error": "Failed to create trainer: notNull Violation: User.createdAt cannot be null,\nnotNull Violation: User.updatedAt cannot be null,\nValidation error: Validation len on phone failed"
}
2026-08-15 02:26:53 [INFO]: Login Attempt
{
  "service": "auth",
  "userId": 1,
  "email": "admin@gym.com",
  "ip": "::ffff:192.168.65.1",
  "success": true
}
2026-08-15 02:26:53 [ERROR]: HTTP Error
Error: Failed to create trainer: notNull Violation: User.createdAt cannot be null,
notNull Violation: User.updatedAt cannot be null
    at Object.internal (/app/src/middlewares/error.middleware.ts:255:35)
    at /app/src/controllers/trainer.controller.ts:287:23
    at processTicksAndRejections (node:internal/process/task_queues:95:5)
{
  "service": "http",
  "method": "POST",
  "url": "/api/trainers",
  "statusCode": 500,
  "error": "Failed to create trainer: notNull Violation: User.createdAt cannot be null,\nnotNull Violation: User.updatedAt cannot be null"
}
2026-08-15 02:27:39 [INFO]: Login Attempt
{
  "service": "auth",
  "userId": 1,
  "email": "admin@gym.com",
  "ip": "::ffff:192.168.65.1",
  "success": true
}
2026-08-15 02:27:39 [INFO]: Login Attempt
{
  "service": "auth",
  "userId": 1,
  "email": "admin@gym.com",
  "ip": "::ffff:192.168.65.1",
  "success": true
}
2026-08-15 02:27:57 [INFO]: Login Attempt
{
  "service": "auth",
  "userId": 1,
  "email": "admin@gym.com",
  "ip": "::ffff:192.168.65.1",
  "success": true
}
2026-08-15 02:27:57 [WARN]: Database Validation Error
{
  "url": "/api/packages",
  "method": "POST",
  "ip": "::ffff:192.168.65.1",
  "userAgent": "Mozilla/5.0 (Macintosh; Intel Mac OS X 10_15_7) AppleWebKit/537.36 (KHTML, like Gecko) Chrome/151.0.0.0 Safari/537.36",
  "userId": 1,
  "body": {
    "name": "abc",
    "durationMonths": 1,
    "price": 100000,
    "description": "",
    "benefits": "",
    "maxSessions": 12,
    "allowTrainer": false,
    "status": "ACTIVE"
  },
  "params": {},
  "query": {},
  "errors": [
    {
      "message": "MembershipPackage.createdAt cannot be null",
      "type": "notNull Violation",
      "path": "createdAt",
      "value": null,
      "origin": "CORE",
      "instance": {
        "id": null,
        "name": "abc",
        "durationMonths": 1,
        "price": 100000,
        "description": "",
        "benefits": "",
        "maxSessions": 12,
        "allowTrainer": false,
        "status": "ACTIVE",
        "updated_at": "2026-08-15T02:27:57.134Z",
        "created_at": "2026-08-15T02:27:57.134Z"
      },
      "validatorKey": "is_null",
      "validatorName": null,
      "validatorArgs": []
    },
    {
      "message": "MembershipPackage.updatedAt cannot be null",
      "type": "notNull Violation",
      "path": "updatedAt",
      "value": null,
      "origin": "CORE",
      "instance": {
        "id": null,
        "name": "abc",
        "durationMonths": 1,
        "price": 100000,
        "description": "",
        "benefits": "",
        "maxSessions": 12,
        "allowTrainer": false,
        "status": "ACTIVE",
        "updated_at": "2026-08-15T02:27:57.134Z",
        "created_at": "2026-08-15T02:27:57.134Z"
      },
      "validatorKey": "is_null",
      "validatorName": null,
      "validatorArgs": []
    }
  ]
}
2026-08-15 02:28:19 [INFO]: Login Attempt
{
  "service": "auth",
  "userId": 1,
  "email": "admin@gym.com",
  "ip": "::ffff:192.168.65.1",
  "success": true
}
2026-08-15 02:28:19 [WARN]: Database Validation Error
{
  "url": "/api/packages",
  "method": "POST",
  "ip": "::ffff:192.168.65.1",
  "userAgent": "Mozilla/5.0 (Macintosh; Intel Mac OS X 10_15_7) AppleWebKit/537.36 (KHTML, like Gecko) Chrome/151.0.0.0 Safari/537.36",
  "userId": 1,
  "body": {
    "name": "abc",
    "durationMonths": 1,
    "price": 100000,
    "description": "abc",
    "benefits": "abc",
    "maxSessions": 12,
    "allowTrainer": false,
    "status": "ACTIVE"
  },
  "params": {},
  "query": {},
  "errors": [
    {
      "message": "MembershipPackage.createdAt cannot be null",
      "type": "notNull Violation",
      "path": "createdAt",
      "value": null,
      "origin": "CORE",
      "instance": {
        "id": null,
        "name": "abc",
        "durationMonths": 1,
        "price": 100000,
        "description": "abc",
        "benefits": "abc",
        "maxSessions": 12,
        "allowTrainer": false,
        "status": "ACTIVE",
        "updated_at": "2026-08-15T02:28:19.337Z",
        "created_at": "2026-08-15T02:28:19.337Z"
      },
      "validatorKey": "is_null",
      "validatorName": null,
      "validatorArgs": []
    },
    {
      "message": "MembershipPackage.updatedAt cannot be null",
      "type": "notNull Violation",
      "path": "updatedAt",
      "value": null,
      "origin": "CORE",
      "instance": {
        "id": null,
        "name": "abc",
        "durationMonths": 1,
        "price": 100000,
        "description": "abc",
        "benefits": "abc",
        "maxSessions": 12,
        "allowTrainer": false,
        "status": "ACTIVE",
        "updated_at": "2026-08-15T02:28:19.337Z",
        "created_at": "2026-08-15T02:28:19.337Z"
      },
      "validatorKey": "is_null",
      "validatorName": null,
      "validatorArgs": []
    }
  ]
}
2026-08-15 02:29:09 [INFO]: Database connection established successfully (development)
2026-08-15 02:29:09 [INFO]: Database ready for use (using migrations)
2026-08-15 02:29:09 [INFO]: Database connected successfully
2026-08-15 02:29:09 [INFO]: Session store configured (memory store)
2026-08-15 02:29:09 [INFO]: Redis session store configured
2026-08-15 02:29:09 [INFO]: 🚀 Server running on port 5000 in development mode
2026-08-15 02:29:09 [INFO]: 📊 API Health: http://localhost:5000/api/health
2026-08-15 02:29:09 [INFO]: 📖 API Docs: http://localhost:5000/api/docs
2026-08-15 02:29:20 [INFO]: Database connection established successfully (development)
2026-08-15 02:29:20 [INFO]: Database ready for use (using migrations)
2026-08-15 02:29:20 [INFO]: Database connected successfully
2026-08-15 02:29:20 [INFO]: Session store configured (memory store)
2026-08-15 02:29:20 [INFO]: Redis session store configured
2026-08-15 02:29:20 [INFO]: 🚀 Server running on port 5000 in development mode
2026-08-15 02:29:20 [INFO]: 📊 API Health: http://localhost:5000/api/health
2026-08-15 02:29:20 [INFO]: 📖 API Docs: http://localhost:5000/api/docs
2026-08-15 02:29:22 [INFO]: Redis Client Connected
2026-08-15 02:29:22 [INFO]: Redis Client Ready
2026-08-15 02:29:22 [INFO]: Login Attempt
{
  "service": "auth",
  "userId": 1,
  "email": "admin@gym.com",
  "ip": "::ffff:192.168.65.1",
  "success": true
}
2026-08-15 02:29:22 [WARN]: Database Validation Error
{
  "url": "/api/packages",
  "method": "POST",
  "ip": "::ffff:192.168.65.1",
  "userAgent": "Mozilla/5.0 (Macintosh; Intel Mac OS X 10_15_7) AppleWebKit/537.36 (KHTML, like Gecko) Chrome/151.0.0.0 Safari/537.36",
  "userId": 1,
  "body": {
    "name": "abc",
    "durationMonths": 1,
    "price": 100000,
    "description": "abc",
    "benefits": "abc",
    "maxSessions": 12,
    "allowTrainer": true,
    "status": "ACTIVE"
  },
  "params": {},
  "query": {},
  "errors": [
    {
      "message": "MembershipPackage.createdAt cannot be null",
      "type": "notNull Violation",
      "path": "createdAt",
      "value": null,
      "origin": "CORE",
      "instance": {
        "id": null,
        "name": "abc",
        "durationMonths": 1,
        "price": 100000,
        "description": "abc",
        "benefits": "abc",
        "maxSessions": 12,
        "allowTrainer": true,
        "status": "ACTIVE",
        "updated_at": "2026-08-15T02:29:22.233Z",
        "created_at": "2026-08-15T02:29:22.233Z"
      },
      "validatorKey": "is_null",
      "validatorName": null,
      "validatorArgs": []
    },
    {
      "message": "MembershipPackage.updatedAt cannot be null",
      "type": "notNull Violation",
      "path": "updatedAt",
      "value": null,
      "origin": "CORE",
      "instance": {
        "id": null,
        "name": "abc",
        "durationMonths": 1,
        "price": 100000,
        "description": "abc",
        "benefits": "abc",
        "maxSessions": 12,
        "allowTrainer": true,
        "status": "ACTIVE",
        "updated_at": "2026-08-15T02:29:22.233Z",
        "created_at": "2026-08-15T02:29:22.233Z"
      },
      "validatorKey": "is_null",
      "validatorName": null,
      "validatorArgs": []
    }
  ]
}
2026-08-15 02:29:30 [INFO]: Login Attempt
{
  "service": "auth",
  "userId": 1,
  "email": "admin@gym.com",
  "ip": "::ffff:192.168.65.1",
  "success": true
}
2026-08-15 02:29:30 [WARN]: Database Validation Error
{
  "url": "/api/packages",
  "method": "POST",
  "ip": "::ffff:192.168.65.1",
  "userAgent": "Mozilla/5.0 (Macintosh; Intel Mac OS X 10_15_7) AppleWebKit/537.36 (KHTML, like Gecko) Chrome/151.0.0.0 Safari/537.36",
  "userId": 1,
  "body": {
    "name": "abc",
    "durationMonths": 3,
    "price": 100000,
    "description": "abc",
    "benefits": "abc",
    "maxSessions": 12,
    "allowTrainer": true,
    "status": "ACTIVE"
  },
  "params": {},
  "query": {},
  "errors": [
    {
      "message": "MembershipPackage.createdAt cannot be null",
      "type": "notNull Violation",
      "path": "createdAt",
      "value": null,
      "origin": "CORE",
      "instance": {
        "id": null,
        "name": "abc",
        "durationMonths": 3,
        "price": 100000,
        "description": "abc",
        "benefits": "abc",
        "maxSessions": 12,
        "allowTrainer": true,
        "status": "ACTIVE",
        "updated_at": "2026-08-15T02:29:30.419Z",
        "created_at": "2026-08-15T02:29:30.419Z"
      },
      "validatorKey": "is_null",
      "validatorName": null,
      "validatorArgs": []
    },
    {
      "message": "MembershipPackage.updatedAt cannot be null",
      "type": "notNull Violation",
      "path": "updatedAt",
      "value": null,
      "origin": "CORE",
      "instance": {
        "id": null,
        "name": "abc",
        "durationMonths": 3,
        "price": 100000,
        "description": "abc",
        "benefits": "abc",
        "maxSessions": 12,
        "allowTrainer": true,
        "status": "ACTIVE",
        "updated_at": "2026-08-15T02:29:30.419Z",
        "created_at": "2026-08-15T02:29:30.419Z"
      },
      "validatorKey": "is_null",
      "validatorName": null,
      "validatorArgs": []
    }
  ]
}
2026-08-15 02:29:40 [INFO]: Database connection established successfully (development)
2026-08-15 02:29:40 [INFO]: Database ready for use (using migrations)
2026-08-15 02:29:40 [INFO]: Database connected successfully
2026-08-15 02:29:40 [INFO]: Session store configured (memory store)
2026-08-15 02:29:40 [INFO]: Redis session store configured
2026-08-15 02:29:40 [INFO]: 🚀 Server running on port 5000 in development mode
2026-08-15 02:29:40 [INFO]: 📊 API Health: http://localhost:5000/api/health
2026-08-15 02:29:40 [INFO]: 📖 API Docs: http://localhost:5000/api/docs
2026-08-15 02:30:09 [INFO]: Redis Client Connected
2026-08-15 02:30:09 [INFO]: Redis Client Connected
2026-08-15 02:30:09 [INFO]: Redis Client Ready
2026-08-15 02:30:09 [INFO]: Redis Client Ready
2026-08-15 02:30:09 [INFO]: Login Attempt
{
  "service": "auth",
  "userId": 1,
  "email": "admin@gym.com",
  "ip": "::ffff:192.168.65.1",
  "success": true
}
2026-08-15 02:30:09 [INFO]: Login Attempt
{
  "service": "auth",
  "userId": 1,
  "email": "admin@gym.com",
  "ip": "::ffff:192.168.65.1",
  "success": true
}
2026-08-15 02:30:09 [INFO]: Login Attempt
{
  "service": "auth",
  "userId": 1,
  "email": "admin@gym.com",
  "ip": "::ffff:192.168.65.1",
  "success": true
}
2026-08-15 02:30:09 [INFO]: Login Attempt
{
  "service": "auth",
  "userId": 1,
  "email": "admin@gym.com",
  "ip": "::ffff:192.168.65.1",
  "success": true
}
2026-08-15 02:30:14 [INFO]: Database connection established successfully (development)
2026-08-15 02:30:14 [INFO]: Database ready for use (using migrations)
2026-08-15 02:30:14 [INFO]: Database connected successfully
2026-08-15 02:30:14 [INFO]: Session store configured (memory store)
2026-08-15 02:30:14 [INFO]: Redis session store configured
2026-08-15 02:30:14 [INFO]: 🚀 Server running on port 5000 in development mode
2026-08-15 02:30:14 [INFO]: 📊 API Health: http://localhost:5000/api/health
2026-08-15 02:30:14 [INFO]: 📖 API Docs: http://localhost:5000/api/docs
2026-08-15 02:30:18 [INFO]: Redis Client Connected
2026-08-15 02:30:18 [INFO]: Redis Client Ready
2026-08-15 02:30:18 [INFO]: Login Attempt
{
  "service": "auth",
  "userId": 1,
  "email": "admin@gym.com",
  "ip": "::ffff:192.168.65.1",
  "success": true
}
2026-08-15 02:30:20 [INFO]: Login Attempt
{
  "service": "auth",
  "userId": 1,
  "email": "admin@gym.com",
  "ip": "::ffff:192.168.65.1",
  "success": true
}
2026-08-15 02:30:28 [INFO]: Login Attempt
{
  "service": "auth",
  "userId": 1,
  "email": "admin@gym.com",
  "ip": "::ffff:192.168.65.1",
  "success": true
}
2026-08-15 02:30:30 [INFO]: Login Attempt
{
  "service": "auth",
  "userId": 1,
  "email": "admin@gym.com",
  "ip": "::ffff:192.168.65.1",
  "success": true
}
2026-08-15 02:30:33 [INFO]: Database connection established successfully (development)
2026-08-15 02:30:33 [INFO]: Database ready for use (using migrations)
2026-08-15 02:30:33 [INFO]: Database connected successfully
2026-08-15 02:30:33 [INFO]: Session store configured (memory store)
2026-08-15 02:30:33 [INFO]: Redis session store configured
2026-08-15 02:30:33 [INFO]: 🚀 Server running on port 5000 in development mode
2026-08-15 02:30:33 [INFO]: 📊 API Health: http://localhost:5000/api/health
2026-08-15 02:30:33 [INFO]: 📖 API Docs: http://localhost:5000/api/docs
2026-08-15 02:30:40 [INFO]: Redis Client Connected
2026-08-15 02:30:40 [INFO]: Redis Client Ready
2026-08-15 02:30:40 [INFO]: Login Attempt
{
  "service": "auth",
  "userId": 1,
  "email": "admin@gym.com",
  "ip": "::ffff:192.168.65.1",
  "success": true
}
2026-08-15 02:30:42 [INFO]: Login Attempt
{
  "service": "auth",
  "userId": 1,
  "email": "admin@gym.com",
  "ip": "::ffff:192.168.65.1",
  "success": true
}
2026-08-15 02:31:07 [INFO]: Login Attempt
{
  "service": "auth",
  "userId": 1,
  "email": "admin@gym.com",
  "ip": "::ffff:192.168.65.1",
  "success": true
}
2026-08-15 02:31:07 [INFO]: Login Attempt
{
  "service": "auth",
  "userId": 1,
  "email": "admin@gym.com",
  "ip": "::ffff:192.168.65.1",
  "success": true
}
2026-08-15 02:31:07 [INFO]: Login Attempt
{
  "service": "auth",
  "userId": 1,
  "email": "admin@gym.com",
  "ip": "::ffff:192.168.65.1",
  "success": true
}
2026-08-15 02:31:07 [INFO]: Login Attempt
{
  "service": "auth",
  "userId": 1,
  "email": "admin@gym.com",
  "ip": "::ffff:192.168.65.1",
  "success": true
}
2026-08-15 02:31:28 [INFO]: Login Attempt
{
  "service": "auth",
  "userId": 1,
  "email": "admin@gym.com",
  "ip": "::ffff:192.168.65.1",
  "success": true
}
2026-08-15 02:31:28 [WARN]: Client Error 400: Validation failed: password: Password must contain at least one lowercase letter, one uppercase letter, one number, and one special character
{
  "url": "/api/members",
  "method": "POST",
  "ip": "::ffff:192.168.65.1",
  "userAgent": "Mozilla/5.0 (Macintosh; Intel Mac OS X 10_15_7) AppleWebKit/537.36 (KHTML, like Gecko) Chrome/151.0.0.0 Safari/537.36",
  "userId": 1,
  "body": {
    "username": "phuc",
    "email": "phuc@gmail.com",
    "password": "123456789",
    "phone": "0353544504",
    "fullName": "phuc",
    "gender": "FEMALE",
    "dateOfBirth": "2026-08-15"
  },
  "params": {},
  "query": {}
}
2026-08-15 02:31:42 [INFO]: Login Attempt
{
  "service": "auth",
  "userId": 1,
  "email": "admin@gym.com",
  "ip": "::ffff:192.168.65.1",
  "success": true
}
2026-08-15 02:31:42 [ERROR]: HTTP Error
Error: Failed to create member: Validation error: Validation isBefore on dateOfBirth failed
    at Object.internal (/app/src/middlewares/error.middleware.ts:255:35)
    at /app/src/controllers/member.controller.ts:263:23
    at processTicksAndRejections (node:internal/process/task_queues:95:5)
{
  "service": "http",
  "method": "POST",
  "url": "/api/members",
  "statusCode": 500,
  "error": "Failed to create member: Validation error: Validation isBefore on dateOfBirth failed"
}
2026-08-15 02:32:25 [INFO]: Login Attempt
{
  "service": "auth",
  "userId": 1,
  "email": "admin@gym.com",
  "ip": "::ffff:192.168.65.1",
  "success": true
}
2026-08-15 02:32:25 [WARN]: Client Error 409: User with this email or username already exists
{
  "url": "/api/members",
  "method": "POST",
  "ip": "::ffff:192.168.65.1",
  "userAgent": "Mozilla/5.0 (Macintosh; Intel Mac OS X 10_15_7) AppleWebKit/537.36 (KHTML, like Gecko) Chrome/151.0.0.0 Safari/537.36",
  "userId": 1,
  "body": {
    "username": "phuc",
    "email": "phuc@gmail.com",
    "password": "Toan@21061996",
    "phone": "0353544504",
    "fullName": "phuc",
    "gender": "FEMALE",
    "dateOfBirth": "2010-02-15"
  },
  "params": {},
  "query": {}
}
2026-08-15 02:32:36 [INFO]: Login Attempt
{
  "service": "auth",
  "userId": 1,
  "email": "admin@gym.com",
  "ip": "::ffff:192.168.65.1",
  "success": true
}
2026-08-15 02:32:36 [WARN]: Client Error 409: User with this email or username already exists
{
  "url": "/api/members",
  "method": "POST",
  "ip": "::ffff:192.168.65.1",
  "userAgent": "Mozilla/5.0 (Macintosh; Intel Mac OS X 10_15_7) AppleWebKit/537.36 (KHTML, like Gecko) Chrome/151.0.0.0 Safari/537.36",
  "userId": 1,
  "body": {
    "username": "phuc",
    "email": "phuc9999@gmail.com",
    "password": "Toan@21061996",
    "phone": "0353544504",
    "fullName": "phuc",
    "gender": "FEMALE",
    "dateOfBirth": "2010-02-15"
  },
  "params": {},
  "query": {}
}
2026-08-15 02:32:55 [INFO]: Login Attempt
{
  "service": "auth",
  "userId": 1,
  "email": "admin@gym.com",
  "ip": "::ffff:192.168.65.1",
  "success": true
}
2026-08-15 02:32:55 [INFO]: New Member Registered
{
  "memberId": 1050,
  "memberCode": "M260004",
  "service": "business"
}
2026-08-15 02:32:56 [INFO]: Login Attempt
{
  "service": "auth",
  "userId": 1,
  "email": "admin@gym.com",
  "ip": "::ffff:192.168.65.1",
  "success": true
}
2026-08-15 02:32:56 [INFO]: Login Attempt
{
  "service": "auth",
  "userId": 1,
  "email": "admin@gym.com",
  "ip": "::ffff:192.168.65.1",
  "success": true
}
2026-08-15 02:34:17 [INFO]: Database connection established successfully (development)
2026-08-15 02:34:17 [INFO]: Database ready for use (using migrations)
2026-08-15 02:34:17 [INFO]: Database connected successfully
2026-08-15 02:34:17 [INFO]: Session store configured (memory store)
2026-08-15 02:34:17 [INFO]: Redis session store configured
2026-08-15 02:34:17 [INFO]: 🚀 Server running on port 5000 in development mode
2026-08-15 02:34:17 [INFO]: 📊 API Health: http://localhost:5000/api/health
2026-08-15 02:34:17 [INFO]: 📖 API Docs: http://localhost:5000/api/docs
2026-08-15 02:35:53 [INFO]: Redis Client Connected
2026-08-15 02:35:53 [INFO]: Redis Client Ready
2026-08-15 02:35:53 [INFO]: Login Attempt
{
  "service": "auth",
  "userId": 1,
  "email": "admin@gym.com",
  "ip": "::ffff:192.168.65.1",
  "success": true
}
2026-08-15 02:35:53 [ERROR]: HTTP Error
Error: Failed to create member: Validation error
    at Object.internal (/app/src/middlewares/error.middleware.ts:255:35)
    at /app/src/controllers/member.controller.ts:263:23
    at processTicksAndRejections (node:internal/process/task_queues:95:5)
{
  "service": "http",
  "method": "POST",
  "url": "/api/members",
  "statusCode": 500,
  "error": "Failed to create member: Validation error"
}
2026-08-15 02:36:11 [INFO]: Login Attempt
{
  "service": "auth",
  "userId": 1,
  "email": "admin@gym.com",
  "ip": "::ffff:192.168.65.1",
  "success": true
}
2026-08-15 02:36:11 [WARN]: Client Error 409: User with this email or username already exists
{
  "url": "/api/members",
  "method": "POST",
  "ip": "::ffff:192.168.65.1",
  "userAgent": "Mozilla/5.0 (Macintosh; Intel Mac OS X 10_15_7) AppleWebKit/537.36 (KHTML, like Gecko) Chrome/151.0.0.0 Safari/537.36",
  "userId": 1,
  "body": {
    "username": "abc23455",
    "email": "abc45@gmail.com",
    "password": "Acb@123456",
    "phone": "0353544509",
    "fullName": "abc23455",
    "gender": "MALE",
    "dateOfBirth": "2008-02-15"
  },
  "params": {},
  "query": {}
}
2026-08-15 02:36:22 [INFO]: Login Attempt
{
  "service": "auth",
  "userId": 1,
  "email": "admin@gym.com",
  "ip": "::ffff:192.168.65.1",
  "success": true
}
2026-08-15 02:36:22 [WARN]: Client Error 409: User with this email or username already exists
{
  "url": "/api/members",
  "method": "POST",
  "ip": "::ffff:192.168.65.1",
  "userAgent": "Mozilla/5.0 (Macintosh; Intel Mac OS X 10_15_7) AppleWebKit/537.36 (KHTML, like Gecko) Chrome/151.0.0.0 Safari/537.36",
  "userId": 1,
  "body": {
    "username": "abc23455",
    "email": "abc112145@gmail.com",
    "password": "Acb@123456",
    "phone": "0353544509",
    "fullName": "abc23455",
    "gender": "MALE",
    "dateOfBirth": "2008-02-15"
  },
  "params": {},
  "query": {}
}
2026-08-15 02:36:35 [INFO]: Login Attempt
{
  "service": "auth",
  "userId": 1,
  "email": "admin@gym.com",
  "ip": "::ffff:192.168.65.1",
  "success": true
}
2026-08-15 02:36:35 [ERROR]: HTTP Error
Error: Failed to create member: Validation error
    at Object.internal (/app/src/middlewares/error.middleware.ts:255:35)
    at /app/src/controllers/member.controller.ts:263:23
    at processTicksAndRejections (node:internal/process/task_queues:95:5)
{
  "service": "http",
  "method": "POST",
  "url": "/api/members",
  "statusCode": 500,
  "error": "Failed to create member: Validation error"
}
2026-08-15 02:37:14 [INFO]: Login Attempt
{
  "service": "auth",
  "userId": 1,
  "email": "admin@gym.com",
  "ip": "::ffff:192.168.65.1",
  "success": true
}
2026-08-15 02:37:14 [WARN]: Client Error 409: User with this email or username already exists
{
  "url": "/api/members",
  "method": "POST",
  "ip": "::ffff:192.168.65.1",
  "userAgent": "Mozilla/5.0 (Macintosh; Intel Mac OS X 10_15_7) AppleWebKit/537.36 (KHTML, like Gecko) Chrome/151.0.0.0 Safari/537.36",
  "userId": 1,
  "body": {
    "username": "abc112145",
    "email": "abc112145@gmail.com",
    "password": "Toan@21061996",
    "phone": "0353544509",
    "fullName": "abc23455",
    "gender": "MALE",
    "dateOfBirth": "2003-02-15"
  },
  "params": {},
  "query": {}
}
2026-08-15 02:38:33 [INFO]: Login Attempt
{
  "service": "auth",
  "userId": 1,
  "email": "admin@gym.com",
  "ip": "::ffff:192.168.65.1",
  "success": true
}
2026-08-15 02:38:33 [WARN]: Client Error 409: User with this email or username already exists
{
  "url": "/api/members",
  "method": "POST",
  "ip": "::ffff:192.168.65.1",
  "userAgent": "Mozilla/5.0 (Macintosh; Intel Mac OS X 10_15_7) AppleWebKit/537.36 (KHTML, like Gecko) Chrome/151.0.0.0 Safari/537.36",
  "userId": 1,
  "body": {
    "username": "abc112145",
    "email": "abc112145@gmail.com",
    "password": "Toan@21061996",
    "phone": "0353544509",
    "fullName": "abc23455",
    "gender": "MALE",
    "dateOfBirth": "2003-02-15"
  },
  "params": {},
  "query": {}
}
2026-08-15 02:38:48 [INFO]: Login Attempt
{
  "service": "auth",
  "userId": 1,
  "email": "admin@gym.com",
  "ip": "::ffff:192.168.65.1",
  "success": true
}
2026-08-15 02:38:49 [ERROR]: HTTP Error
Error: Failed to create member: Validation error
    at Object.internal (/app/src/middlewares/error.middleware.ts:255:35)
    at /app/src/controllers/member.controller.ts:263:23
    at processTicksAndRejections (node:internal/process/task_queues:95:5)
{
  "service": "http",
  "method": "POST",
  "url": "/api/members",
  "statusCode": 500,
  "error": "Failed to create member: Validation error"
}
2026-08-15 02:39:45 [INFO]: Database connection established successfully (development)
2026-08-15 02:39:45 [INFO]: Database ready for use (using migrations)
2026-08-15 02:39:45 [INFO]: Database connected successfully
2026-08-15 02:39:45 [INFO]: Session store configured (memory store)
2026-08-15 02:39:45 [INFO]: Redis session store configured
2026-08-15 02:39:45 [INFO]: 🚀 Server running on port 5000 in development mode
2026-08-15 02:39:45 [INFO]: 📊 API Health: http://localhost:5000/api/health
2026-08-15 02:39:45 [INFO]: 📖 API Docs: http://localhost:5000/api/docs
2026-08-15 02:40:16 [INFO]: Database connection established successfully (development)
2026-08-15 02:40:16 [INFO]: Database ready for use (using migrations)
2026-08-15 02:40:16 [INFO]: Database connected successfully
2026-08-15 02:40:16 [INFO]: Session store configured (memory store)
2026-08-15 02:40:16 [INFO]: Redis session store configured
2026-08-15 02:40:16 [INFO]: 🚀 Server running on port 5000 in development mode
2026-08-15 02:40:16 [INFO]: 📊 API Health: http://localhost:5000/api/health
2026-08-15 02:40:16 [INFO]: 📖 API Docs: http://localhost:5000/api/docs
2026-08-15 02:41:05 [INFO]: Redis Client Connected
2026-08-15 02:41:05 [INFO]: Redis Client Ready
2026-08-15 02:41:05 [INFO]: Login Attempt
{
  "service": "auth",
  "userId": 1,
  "email": "admin@gym.com",
  "ip": "::ffff:192.168.65.1",
  "success": true
}
2026-08-15 02:41:05 [WARN]: Client Error 409: User with this email or username already exists
{
  "url": "/api/members",
  "method": "POST",
  "ip": "::ffff:192.168.65.1",
  "userAgent": "Mozilla/5.0 (Macintosh; Intel Mac OS X 10_15_7) AppleWebKit/537.36 (KHTML, like Gecko) Chrome/151.0.0.0 Safari/537.36",
  "userId": 1,
  "body": {
    "username": "abc9999",
    "email": "abc9999@gmail.com",
    "password": "Toan@21061996",
    "phone": "0353544509",
    "fullName": "abc23455",
    "gender": "MALE",
    "dateOfBirth": "2003-02-15"
  },
  "params": {},
  "query": {}
}
2026-08-15 02:41:20 [INFO]: Login Attempt
{
  "service": "auth",
  "userId": 1,
  "email": "admin@gym.com",
  "ip": "::ffff:192.168.65.1",
  "success": true
}
2026-08-15 02:41:21 [WARN]: Client Error 400: Failed to create member: member_code: member_code must be unique
{
  "url": "/api/members",
  "method": "POST",
  "ip": "::ffff:192.168.65.1",
  "userAgent": "Mozilla/5.0 (Macintosh; Intel Mac OS X 10_15_7) AppleWebKit/537.36 (KHTML, like Gecko) Chrome/151.0.0.0 Safari/537.36",
  "userId": 1,
  "body": {
    "username": "abc909090",
    "email": "abc909090@gmail.com",
    "password": "Toan@21061996",
    "phone": "0353544509",
    "fullName": "abc23455",
    "gender": "MALE",
    "dateOfBirth": "2003-02-15"
  },
  "params": {},
  "query": {}
}
2026-08-15 02:42:14 [INFO]: Login Attempt
{
  "service": "auth",
  "userId": 1,
  "email": "admin@gym.com",
  "ip": "::ffff:192.168.65.1",
  "success": true
}
2026-08-15 02:42:14 [WARN]: Client Error 400: Failed to create member: member_code: member_code must be unique
{
  "url": "/api/members",
  "method": "POST",
  "ip": "::ffff:192.168.65.1",
  "userAgent": "Mozilla/5.0 (Macintosh; Intel Mac OS X 10_15_7) AppleWebKit/537.36 (KHTML, like Gecko) Chrome/151.0.0.0 Safari/537.36",
  "userId": 1,
  "body": {
    "username": "abc56565",
    "email": "abc565656@gmail.com",
    "password": "Toan@21061996",
    "phone": "0353544955",
    "fullName": "abc56565",
    "gender": "MALE",
    "dateOfBirth": "2002-02-15"
  },
  "params": {},
  "query": {}
}
2026-08-15 02:46:59 [INFO]: Database connection established successfully (development)
2026-08-15 02:46:59 [INFO]: Database ready for use (using migrations)
2026-08-15 02:46:59 [INFO]: Database connected successfully
2026-08-15 02:46:59 [INFO]: Session store configured (memory store)
2026-08-15 02:46:59 [INFO]: Redis session store configured
2026-08-15 02:46:59 [INFO]: 🚀 Server running on port 5000 in development mode
2026-08-15 02:46:59 [INFO]: 📊 API Health: http://localhost:5000/api/health
2026-08-15 02:46:59 [INFO]: 📖 API Docs: http://localhost:5000/api/docs
2026-08-15 02:47:44 [INFO]: Database connection established successfully (development)
2026-08-15 02:47:44 [INFO]: Database ready for use (using migrations)
2026-08-15 02:47:44 [INFO]: Database connected successfully
2026-08-15 02:47:44 [INFO]: Session store configured (memory store)
2026-08-15 02:47:44 [INFO]: Redis session store configured
2026-08-15 02:47:44 [INFO]: 🚀 Server running on port 5000 in development mode
2026-08-15 02:47:44 [INFO]: 📊 API Health: http://localhost:5000/api/health
2026-08-15 02:47:44 [INFO]: 📖 API Docs: http://localhost:5000/api/docs
2026-08-15 02:49:33 [INFO]: Database connection established successfully (development)
2026-08-15 02:49:33 [INFO]: Database ready for use (using migrations)
2026-08-15 02:49:33 [INFO]: Database connected successfully
2026-08-15 02:49:33 [INFO]: Session store configured (memory store)
2026-08-15 02:49:33 [INFO]: Redis session store configured
2026-08-15 02:49:33 [INFO]: 🚀 Server running on port 5000 in development mode
2026-08-15 02:49:33 [INFO]: 📊 API Health: http://localhost:5000/api/health
2026-08-15 02:49:33 [INFO]: 📖 API Docs: http://localhost:5000/api/docs
2026-08-15 02:50:32 [ERROR]: Unable to connect to the database: Unknown database 'gym_management_system'
SequelizeConnectionError: Unknown database 'gym_management_system'
    at ConnectionManager.connect (/app/node_modules/sequelize/src/dialects/mysql/connection-manager.js:126:17)
    at processTicksAndRejections (node:internal/process/task_queues:95:5)
    at async ConnectionManager._connect (/app/node_modules/sequelize/src/dialects/abstract/connection-manager.js:332:24)
    at async /app/node_modules/sequelize/src/dialects/abstract/connection-manager.js:250:32
    at async ConnectionManager.getConnection (/app/node_modules/sequelize/src/dialects/abstract/connection-manager.js:280:7)
    at async /app/node_modules/sequelize/src/sequelize.js:638:26
    at async Sequelize.authenticate (/app/node_modules/sequelize/src/sequelize.js:972:5)
    at async connectDatabase (/app/src/config/database.config.ts:93:5)
    at async startServer (/app/src/index.ts:153:5)
{
  "name": "SequelizeConnectionError",
  "parent": {
    "code": "ER_BAD_DB_ERROR",
    "errno": 1049,
    "sqlState": "42000",
    "sqlMessage": "Unknown database 'gym_management_system'"
  },
  "original": {
    "code": "ER_BAD_DB_ERROR",
    "errno": 1049,
    "sqlState": "42000",
    "sqlMessage": "Unknown database 'gym_management_system'"
  }
}
2026-08-15 02:51:39 [ERROR]: Unable to connect to the database: connect ECONNREFUSED 172.18.0.4:3306
SequelizeConnectionRefusedError: connect ECONNREFUSED 172.18.0.4:3306
    at ConnectionManager.connect (/app/node_modules/sequelize/src/dialects/mysql/connection-manager.js:116:17)
    at processTicksAndRejections (node:internal/process/task_queues:95:5)
    at async ConnectionManager._connect (/app/node_modules/sequelize/src/dialects/abstract/connection-manager.js:332:24)
    at async /app/node_modules/sequelize/src/dialects/abstract/connection-manager.js:250:32
    at async ConnectionManager.getConnection (/app/node_modules/sequelize/src/dialects/abstract/connection-manager.js:280:7)
    at async /app/node_modules/sequelize/src/sequelize.js:638:26
    at async Sequelize.authenticate (/app/node_modules/sequelize/src/sequelize.js:972:5)
    at async connectDatabase (/app/src/config/database.config.ts:93:5)
    at async startServer (/app/src/index.ts:153:5)
{
  "name": "SequelizeConnectionRefusedError",
  "parent": {
    "errno": -111,
    "code": "ECONNREFUSED",
    "syscall": "connect",
    "address": "172.18.0.4",
    "port": 3306,
    "fatal": true
  },
  "original": {
    "errno": -111,
    "code": "ECONNREFUSED",
    "syscall": "connect",
    "address": "172.18.0.4",
    "port": 3306,
    "fatal": true
  }
}
2026-08-15 02:54:43 [INFO]: Database connection established successfully (development)
2026-08-15 02:54:43 [INFO]: Database ready for use (using migrations)
2026-08-15 02:54:43 [INFO]: Database connected successfully
2026-08-15 02:54:43 [INFO]: Session store configured (memory store)
2026-08-15 02:54:43 [INFO]: Redis session store configured
2026-08-15 02:54:43 [INFO]: 🚀 Server running on port 5000 in development mode
2026-08-15 02:54:43 [INFO]: 📊 API Health: http://localhost:5000/api/health
2026-08-15 02:54:43 [INFO]: 📖 API Docs: http://localhost:5000/api/docs
2026-08-15 02:54:49 [INFO]: Login Attempt
{
  "service": "auth",
  "userId": 1,
  "email": "admin@gym.com",
  "ip": "",
  "success": true
}
2026-08-15 02:54:49 [INFO]: Login Attempt
{
  "service": "auth",
  "userId": 1,
  "email": "admin@gym.com",
  "ip": "::ffff:192.168.65.1",
  "success": true
}
2026-08-15 02:54:49 [INFO]: Redis Client Connected
2026-08-15 02:54:49 [INFO]: Redis Client Connected
2026-08-15 02:54:49 [INFO]: Redis Client Connected
2026-08-15 02:54:49 [INFO]: Redis Client Ready
2026-08-15 02:54:49 [INFO]: Redis Client Ready
2026-08-15 02:54:49 [INFO]: Redis Client Ready
2026-08-15 02:54:49 [INFO]: Login Attempt
{
  "service": "auth",
  "userId": 1,
  "email": "admin@gym.com",
  "ip": "::ffff:192.168.65.1",
  "success": true
}
2026-08-15 02:54:49 [INFO]: Login Attempt
{
  "service": "auth",
  "userId": 1,
  "email": "admin@gym.com",
  "ip": "::ffff:192.168.65.1",
  "success": true
}
2026-08-15 02:54:49 [INFO]: Login Attempt
{
  "service": "auth",
  "userId": 1,
  "email": "admin@gym.com",
  "ip": "::ffff:192.168.65.1",
  "success": true
}
2026-08-15 02:54:49 [INFO]: Login Attempt
{
  "service": "auth",
  "userId": 1,
  "email": "admin@gym.com",
  "ip": "::ffff:192.168.65.1",
  "success": true
}
2026-08-15 02:55:34 [INFO]: Login Attempt
{
  "service": "auth",
  "userId": 1,
  "email": "admin@gym.com",
  "ip": "::ffff:192.168.65.1",
  "success": true
}
2026-08-15 02:55:34 [INFO]: New Member Registered
{
  "memberId": 1050,
  "memberCode": "M260004",
  "service": "business"
}
2026-08-15 02:55:46 [INFO]: Login Attempt
{
  "service": "auth",
  "userId": 1,
  "email": "admin@gym.com",
  "ip": "::ffff:192.168.65.1",
  "success": true
}
2026-08-15 02:55:46 [INFO]: Login Attempt
{
  "service": "auth",
  "userId": 1,
  "email": "admin@gym.com",
  "ip": "::ffff:192.168.65.1",
  "success": true
}
2026-08-15 02:56:31 [INFO]: Login Attempt
{
  "service": "auth",
  "userId": 1,
  "email": "admin@gym.com",
  "ip": "::ffff:192.168.65.1",
  "success": true
}
2026-08-15 02:56:31 [WARN]: Client Error 400: Validation failed: password: Password must be at least 8 characters long
{
  "url": "/api/members",
  "method": "POST",
  "ip": "::ffff:192.168.65.1",
  "userAgent": "Mozilla/5.0 (Macintosh; Intel Mac OS X 10_15_7) AppleWebKit/537.36 (KHTML, like Gecko) Chrome/151.0.0.0 Safari/537.36",
  "userId": 1,
  "body": {
    "username": "duyentran",
    "email": "tranthimyduyen702@gmail.com",
    "password": "Abc123@",
    "phone": "0399399940",
    "fullName": "Duyen Tran",
    "gender": "FEMALE",
    "dateOfBirth": "1990-08-14"
  },
  "params": {},
  "query": {}
}
2026-08-15 02:56:47 [INFO]: Login Attempt
{
  "service": "auth",
  "userId": 1,
  "email": "admin@gym.com",
  "ip": "::ffff:192.168.65.1",
  "success": true
}
2026-08-15 02:56:47 [INFO]: New Member Registered
{
  "memberId": 1051,
  "memberCode": "M260005",
  "service": "business"
}
2026-08-15 02:56:50 [INFO]: Login Attempt
{
  "service": "auth",
  "userId": 1,
  "email": "admin@gym.com",
  "ip": "::ffff:192.168.65.1",
  "success": true
}
2026-08-15 02:56:50 [INFO]: Login Attempt
{
  "service": "auth",
  "userId": 1,
  "email": "admin@gym.com",
  "ip": "::ffff:192.168.65.1",
  "success": true
}
2026-08-15 02:58:32 [INFO]: Login Attempt
{
  "service": "auth",
  "userId": 1,
  "email": "admin@gym.com",
  "ip": "::ffff:192.168.65.1",
  "success": true
}
2026-08-15 02:58:32 [WARN]: Client Error 409: User with this email or username already exists
{
  "url": "/api/members",
  "method": "POST",
  "ip": "::ffff:192.168.65.1",
  "userAgent": "Mozilla/5.0 (Macintosh; Intel Mac OS X 10_15_7) AppleWebKit/537.36 (KHTML, like Gecko) Chrome/151.0.0.0 Safari/537.36",
  "userId": 1,
  "body": {
    "username": "duyentran",
    "email": "ttt@gmail.com",
    "password": "Abc1234@",
    "phone": "0399399940",
    "fullName": "Duyên Trần",
    "gender": "FEMALE",
    "dateOfBirth": "1990-08-13"
  },
  "params": {},
  "query": {}
}
2026-08-15 03:00:06 [INFO]: Login Attempt
{
  "service": "auth",
  "userId": 1,
  "email": "admin@gym.com",
  "ip": "::ffff:192.168.65.1",
  "success": true
}
2026-08-15 03:00:06 [WARN]: Client Error 409: User with this email or username already exists
{
  "url": "/api/members",
  "method": "POST",
  "ip": "::ffff:192.168.65.1",
  "userAgent": "Mozilla/5.0 (Macintosh; Intel Mac OS X 10_15_7) AppleWebKit/537.36 (KHTML, like Gecko) Chrome/151.0.0.0 Safari/537.36",
  "userId": 1,
  "body": {
    "username": "duyentran",
    "email": "ttt@gmail.com",
    "password": "Abc@123456",
    "phone": "0399399940",
    "fullName": "Duyên Trần",
    "gender": "FEMALE",
    "dateOfBirth": "1990-08-13"
  },
  "params": {},
  "query": {}
}
2026-08-15 03:00:28 [INFO]: Login Attempt
{
  "service": "auth",
  "userId": 1,
  "email": "admin@gym.com",
  "ip": "::ffff:192.168.65.1",
  "success": true
}
2026-08-15 03:00:28 [WARN]: Client Error 409: User with this email or username already exists
{
  "url": "/api/members",
  "method": "POST",
  "ip": "::ffff:192.168.65.1",
  "userAgent": "Mozilla/5.0 (Macintosh; Intel Mac OS X 10_15_7) AppleWebKit/537.36 (KHTML, like Gecko) Chrome/151.0.0.0 Safari/537.36",
  "userId": 1,
  "body": {
    "username": "duyentran",
    "email": "ttt@gmail.com",
    "password": "Abc@123456",
    "phone": "0399399940",
    "fullName": "Duyên Trần",
    "gender": "FEMALE",
    "dateOfBirth": "1990-08-13"
  },
  "params": {},
  "query": {}
}
2026-08-15 03:02:00 [INFO]: Login Attempt
{
  "service": "auth",
  "userId": 1,
  "email": "admin@gym.com",
  "ip": "::ffff:192.168.65.1",
  "success": true
}
2026-08-15 03:02:00 [INFO]: New Member Registered
{
  "memberId": 1052,
  "memberCode": "M260006",
  "service": "business"
}
2026-08-15 03:02:02 [INFO]: Login Attempt
{
  "service": "auth",
  "userId": 1,
  "email": "admin@gym.com",
  "ip": "::ffff:192.168.65.1",
  "success": true
}
2026-08-15 03:02:02 [INFO]: Login Attempt
{
  "service": "auth",
  "userId": 1,
  "email": "admin@gym.com",
  "ip": "::ffff:192.168.65.1",
  "success": true
}
2026-08-15 03:02:25 [INFO]: Login Attempt
{
  "service": "auth",
  "userId": 1,
  "email": "admin@gym.com",
  "ip": "::ffff:192.168.65.1",
  "success": true
}
2026-08-15 03:02:25 [INFO]: User Logout
{
  "service": "auth",
  "userId": 1,
  "email": "admin@gym.com"
}
2026-08-15 03:02:38 [INFO]: Login Attempt
{
  "service": "auth",
  "userId": 1,
  "email": "admin@gym.com",
  "ip": "",
  "success": true
}
2026-08-15 03:02:38 [INFO]: Login Attempt
{
  "service": "auth",
  "userId": 1,
  "email": "admin@gym.com",
  "ip": "::ffff:192.168.65.1",
  "success": true
}
2026-08-15 03:02:38 [INFO]: Login Attempt
{
  "service": "auth",
  "userId": 1,
  "email": "admin@gym.com",
  "ip": "::ffff:192.168.65.1",
  "success": true
}
2026-08-15 03:02:38 [ERROR]: Database Error: Database operation failed
Error
    at Query.run (/app/node_modules/sequelize/src/dialects/mysql/query.js:46:25)
    at /app/node_modules/sequelize/src/sequelize.js:650:28
    at processTicksAndRejections (node:internal/process/task_queues:95:5)
    at async MySQLQueryInterface.rawSelect (/app/node_modules/sequelize/src/dialects/abstract/query-interface.js:1043:18)
    at async Function.aggregate (/app/node_modules/sequelize/src/model.js:2067:19)
    at async Function.sum (/app/node_modules/sequelize/src/model.js:2236:12)
    at async Promise.all (index 0)
    at async /app/src/controllers/dashboard.controller.ts:36:59
{
  "service": "database",
  "error": "Unknown column 'MemberSubscription.createdAt' in 'where clause'",
  "url": "/api/dashboard",
  "method": "GET",
  "ip": "::ffff:192.168.65.1",
  "userAgent": "Mozilla/5.0 (Macintosh; Intel Mac OS X 10_15_7) AppleWebKit/537.36 (KHTML, like Gecko) Chrome/151.0.0.0 Safari/537.36",
  "userId": 1,
  "body": {},
  "params": {},
  "query": {}
}
2026-08-15 03:02:38 [INFO]: Login Attempt
{
  "service": "auth",
  "userId": 1,
  "email": "admin@gym.com",
  "ip": "::ffff:192.168.65.1",
  "success": true
}
2026-08-15 03:02:38 [ERROR]: Database Error: Database operation failed
Error
    at Query.run (/app/node_modules/sequelize/src/dialects/mysql/query.js:46:25)
    at /app/node_modules/sequelize/src/sequelize.js:650:28
    at processTicksAndRejections (node:internal/process/task_queues:95:5)
    at async MySQLQueryInterface.rawSelect (/app/node_modules/sequelize/src/dialects/abstract/query-interface.js:1043:18)
    at async Function.aggregate (/app/node_modules/sequelize/src/model.js:2067:19)
    at async Function.sum (/app/node_modules/sequelize/src/model.js:2236:12)
    at async Promise.all (index 0)
    at async /app/src/controllers/dashboard.controller.ts:36:59
{
  "service": "database",
  "error": "Unknown column 'MemberSubscription.createdAt' in 'where clause'",
  "url": "/api/dashboard",
  "method": "GET",
  "ip": "::ffff:192.168.65.1",
  "userAgent": "Mozilla/5.0 (Macintosh; Intel Mac OS X 10_15_7) AppleWebKit/537.36 (KHTML, like Gecko) Chrome/151.0.0.0 Safari/537.36",
  "userId": 1,
  "body": {},
  "params": {},
  "query": {}
}
2026-08-15 03:02:42 [INFO]: Login Attempt
{
  "service": "auth",
  "userId": 1,
  "email": "admin@gym.com",
  "ip": "::ffff:192.168.65.1",
  "success": true
}
2026-08-15 03:02:42 [INFO]: Login Attempt
{
  "service": "auth",
  "userId": 1,
  "email": "admin@gym.com",
  "ip": "::ffff:192.168.65.1",
  "success": true
}
2026-08-15 03:02:42 [INFO]: Login Attempt
{
  "service": "auth",
  "userId": 1,
  "email": "admin@gym.com",
  "ip": "::ffff:192.168.65.1",
  "success": true
}
2026-08-15 03:02:42 [ERROR]: Database Error: Database operation failed
Error
    at Query.run (/app/node_modules/sequelize/src/dialects/mysql/query.js:46:25)
    at /app/node_modules/sequelize/src/sequelize.js:650:28
    at processTicksAndRejections (node:internal/process/task_queues:95:5)
    at async MySQLQueryInterface.rawSelect (/app/node_modules/sequelize/src/dialects/abstract/query-interface.js:1043:18)
    at async Function.aggregate (/app/node_modules/sequelize/src/model.js:2067:19)
    at async Function.sum (/app/node_modules/sequelize/src/model.js:2236:12)
    at async Promise.all (index 0)
    at async /app/src/controllers/dashboard.controller.ts:36:59
{
  "service": "database",
  "error": "Unknown column 'MemberSubscription.createdAt' in 'where clause'",
  "url": "/api/dashboard",
  "method": "GET",
  "ip": "::ffff:192.168.65.1",
  "userAgent": "Mozilla/5.0 (Macintosh; Intel Mac OS X 10_15_7) AppleWebKit/537.36 (KHTML, like Gecko) Chrome/151.0.0.0 Safari/537.36",
  "userId": 1,
  "body": {},
  "params": {},
  "query": {}
}
2026-08-15 03:02:42 [INFO]: Login Attempt
{
  "service": "auth",
  "userId": 1,
  "email": "admin@gym.com",
  "ip": "::ffff:192.168.65.1",
  "success": true
}
2026-08-15 03:02:42 [ERROR]: Database Error: Database operation failed
Error
    at Query.run (/app/node_modules/sequelize/src/dialects/mysql/query.js:46:25)
    at /app/node_modules/sequelize/src/sequelize.js:650:28
    at processTicksAndRejections (node:internal/process/task_queues:95:5)
    at async MySQLQueryInterface.rawSelect (/app/node_modules/sequelize/src/dialects/abstract/query-interface.js:1043:18)
    at async Function.aggregate (/app/node_modules/sequelize/src/model.js:2067:19)
    at async Function.sum (/app/node_modules/sequelize/src/model.js:2236:12)
    at async Promise.all (index 0)
    at async /app/src/controllers/dashboard.controller.ts:36:59
{
  "service": "database",
  "error": "Unknown column 'MemberSubscription.createdAt' in 'where clause'",
  "url": "/api/dashboard",
  "method": "GET",
  "ip": "::ffff:192.168.65.1",
  "userAgent": "Mozilla/5.0 (Macintosh; Intel Mac OS X 10_15_7) AppleWebKit/537.36 (KHTML, like Gecko) Chrome/151.0.0.0 Safari/537.36",
  "userId": 1,
  "body": {},
  "params": {},
  "query": {}
}
2026-08-15 03:02:47 [INFO]: Login Attempt
{
  "service": "auth",
  "userId": 1,
  "email": "admin@gym.com",
  "ip": "::ffff:192.168.65.1",
  "success": true
}
2026-08-15 03:02:47 [INFO]: User Logout
{
  "service": "auth",
  "userId": 1,
  "email": "admin@gym.com"
}
2026-08-15 03:02:52 [INFO]: Login Attempt
{
  "service": "auth",
  "userId": 1,
  "email": "admin@gym.com",
  "ip": "",
  "success": true
}
2026-08-15 03:02:52 [INFO]: Login Attempt
{
  "service": "auth",
  "userId": 1,
  "email": "admin@gym.com",
  "ip": "::ffff:192.168.65.1",
  "success": true
}
2026-08-15 03:02:52 [INFO]: Login Attempt
{
  "service": "auth",
  "userId": 1,
  "email": "admin@gym.com",
  "ip": "::ffff:192.168.65.1",
  "success": true
}
2026-08-15 03:02:52 [ERROR]: Database Error: Database operation failed
Error
    at Query.run (/app/node_modules/sequelize/src/dialects/mysql/query.js:46:25)
    at /app/node_modules/sequelize/src/sequelize.js:650:28
    at processTicksAndRejections (node:internal/process/task_queues:95:5)
    at async MySQLQueryInterface.rawSelect (/app/node_modules/sequelize/src/dialects/abstract/query-interface.js:1043:18)
    at async Function.aggregate (/app/node_modules/sequelize/src/model.js:2067:19)
    at async Function.sum (/app/node_modules/sequelize/src/model.js:2236:12)
    at async Promise.all (index 0)
    at async /app/src/controllers/dashboard.controller.ts:36:59
{
  "service": "database",
  "error": "Unknown column 'MemberSubscription.createdAt' in 'where clause'",
  "url": "/api/dashboard",
  "method": "GET",
  "ip": "::ffff:192.168.65.1",
  "userAgent": "Mozilla/5.0 (Macintosh; Intel Mac OS X 10_15_7) AppleWebKit/537.36 (KHTML, like Gecko) Chrome/151.0.0.0 Safari/537.36",
  "userId": 1,
  "body": {},
  "params": {},
  "query": {}
}
2026-08-15 03:02:52 [INFO]: Login Attempt
{
  "service": "auth",
  "userId": 1,
  "email": "admin@gym.com",
  "ip": "::ffff:192.168.65.1",
  "success": true
}
2026-08-15 03:02:52 [ERROR]: Database Error: Database operation failed
Error
    at Query.run (/app/node_modules/sequelize/src/dialects/mysql/query.js:46:25)
    at /app/node_modules/sequelize/src/sequelize.js:650:28
    at processTicksAndRejections (node:internal/process/task_queues:95:5)
    at async MySQLQueryInterface.rawSelect (/app/node_modules/sequelize/src/dialects/abstract/query-interface.js:1043:18)
    at async Function.aggregate (/app/node_modules/sequelize/src/model.js:2067:19)
    at async Function.sum (/app/node_modules/sequelize/src/model.js:2236:12)
    at async Promise.all (index 0)
    at async /app/src/controllers/dashboard.controller.ts:36:59
{
  "service": "database",
  "error": "Unknown column 'MemberSubscription.createdAt' in 'where clause'",
  "url": "/api/dashboard",
  "method": "GET",
  "ip": "::ffff:192.168.65.1",
  "userAgent": "Mozilla/5.0 (Macintosh; Intel Mac OS X 10_15_7) AppleWebKit/537.36 (KHTML, like Gecko) Chrome/151.0.0.0 Safari/537.36",
  "userId": 1,
  "body": {},
  "params": {},
  "query": {}
}
2026-08-15 03:02:56 [INFO]: Login Attempt
{
  "service": "auth",
  "userId": 1,
  "email": "admin@gym.com",
  "ip": "::ffff:192.168.65.1",
  "success": true
}
2026-08-15 03:02:56 [INFO]: Login Attempt
{
  "service": "auth",
  "userId": 1,
  "email": "admin@gym.com",
  "ip": "::ffff:192.168.65.1",
  "success": true
}
2026-08-15 03:02:56 [INFO]: Login Attempt
{
  "service": "auth",
  "userId": 1,
  "email": "admin@gym.com",
  "ip": "::ffff:192.168.65.1",
  "success": true
}
2026-08-15 03:02:56 [INFO]: Login Attempt
{
  "service": "auth",
  "userId": 1,
  "email": "admin@gym.com",
  "ip": "::ffff:192.168.65.1",
  "success": true
}
2026-08-15 03:03:16 [INFO]: Login Attempt
{
  "service": "auth",
  "userId": 1,
  "email": "admin@gym.com",
  "ip": "::ffff:192.168.65.1",
  "success": true
}
2026-08-15 03:03:16 [INFO]: User Logout
{
  "service": "auth",
  "userId": 1,
  "email": "admin@gym.com"
}
2026-08-15 03:03:32 [INFO]: Login Attempt
{
  "service": "auth",
  "userId": 1052,
  "email": "ttmduyen@gmail.com",
  "ip": "",
  "success": true
}
2026-08-15 03:03:32 [INFO]: Login Attempt
{
  "service": "auth",
  "userId": 1052,
  "email": "ttmduyen@gmail.com",
  "ip": "::ffff:192.168.65.1",
  "success": true
}
2026-08-15 03:03:32 [INFO]: Login Attempt
{
  "service": "auth",
  "userId": 1052,
  "email": "ttmduyen@gmail.com",
  "ip": "::ffff:192.168.65.1",
  "success": true
}
2026-08-15 03:03:32 [INFO]: Login Attempt
{
  "service": "auth",
  "userId": 1052,
  "email": "ttmduyen@gmail.com",
  "ip": "::ffff:192.168.65.1",
  "success": true
}
2026-08-15 03:03:37 [INFO]: Login Attempt
{
  "service": "auth",
  "userId": 1052,
  "email": "ttmduyen@gmail.com",
  "ip": "::ffff:192.168.65.1",
  "success": true
}
2026-08-15 03:03:37 [INFO]: Login Attempt
{
  "service": "auth",
  "userId": 1052,
  "email": "ttmduyen@gmail.com",
  "ip": "::ffff:192.168.65.1",
  "success": true
}
2026-08-15 03:03:45 [INFO]: Login Attempt
{
  "service": "auth",
  "userId": 1052,
  "email": "ttmduyen@gmail.com",
  "ip": "::ffff:192.168.65.1",
  "success": true
}
2026-08-15 03:03:45 [INFO]: Login Attempt
{
  "service": "auth",
  "userId": 1052,
  "email": "ttmduyen@gmail.com",
  "ip": "::ffff:192.168.65.1",
  "success": true
}
2026-08-15 03:03:49 [INFO]: Login Attempt
{
  "service": "auth",
  "userId": 1052,
  "email": "ttmduyen@gmail.com",
  "ip": "::ffff:192.168.65.1",
  "success": true
}
2026-08-15 03:03:54 [INFO]: Login Attempt
{
  "service": "auth",
  "userId": 1052,
  "email": "ttmduyen@gmail.com",
  "ip": "::ffff:192.168.65.1",
  "success": true
}
2026-08-15 03:03:57 [INFO]: Login Attempt
{
  "service": "auth",
  "userId": 1052,
  "email": "ttmduyen@gmail.com",
  "ip": "::ffff:192.168.65.1",
  "success": true
}
2026-08-15 03:03:57 [INFO]: Login Attempt
{
  "service": "auth",
  "userId": 1052,
  "email": "ttmduyen@gmail.com",
  "ip": "::ffff:192.168.65.1",
  "success": true
}
2026-08-15 03:03:57 [INFO]: Login Attempt
{
  "service": "auth",
  "userId": 1052,
  "email": "ttmduyen@gmail.com",
  "ip": "::ffff:192.168.65.1",
  "success": true
}
2026-08-15 03:03:57 [INFO]: Login Attempt
{
  "service": "auth",
  "userId": 1052,
  "email": "ttmduyen@gmail.com",
  "ip": "::ffff:192.168.65.1",
  "success": true
}
2026-08-15 03:04:09 [INFO]: Login Attempt
{
  "service": "auth",
  "userId": 1052,
  "email": "ttmduyen@gmail.com",
  "ip": "::ffff:192.168.65.1",
  "success": true
}
2026-08-15 03:04:09 [INFO]: User Logout
{
  "service": "auth",
  "userId": 1052,
  "email": "ttmduyen@gmail.com"
}
2026-08-15 03:04:18 [INFO]: Login Attempt
{
  "service": "auth",
  "userId": 1,
  "email": "admin@gym.com",
  "ip": "",
  "success": true
}
2026-08-15 03:04:18 [INFO]: Login Attempt
{
  "service": "auth",
  "userId": 1,
  "email": "admin@gym.com",
  "ip": "::ffff:192.168.65.1",
  "success": true
}
2026-08-15 03:04:18 [INFO]: Login Attempt
{
  "service": "auth",
  "userId": 1,
  "email": "admin@gym.com",
  "ip": "::ffff:192.168.65.1",
  "success": true
}
2026-08-15 03:04:18 [ERROR]: Database Error: Database operation failed
Error
    at Query.run (/app/node_modules/sequelize/src/dialects/mysql/query.js:46:25)
    at /app/node_modules/sequelize/src/sequelize.js:650:28
    at processTicksAndRejections (node:internal/process/task_queues:95:5)
    at async MySQLQueryInterface.rawSelect (/app/node_modules/sequelize/src/dialects/abstract/query-interface.js:1043:18)
    at async Function.aggregate (/app/node_modules/sequelize/src/model.js:2067:19)
    at async Function.sum (/app/node_modules/sequelize/src/model.js:2236:12)
    at async Promise.all (index 0)
    at async /app/src/controllers/dashboard.controller.ts:36:59
{
  "service": "database",
  "error": "Unknown column 'MemberSubscription.createdAt' in 'where clause'",
  "url": "/api/dashboard",
  "method": "GET",
  "ip": "::ffff:192.168.65.1",
  "userAgent": "Mozilla/5.0 (Macintosh; Intel Mac OS X 10_15_7) AppleWebKit/537.36 (KHTML, like Gecko) Chrome/151.0.0.0 Safari/537.36",
  "userId": 1,
  "body": {},
  "params": {},
  "query": {}
}
2026-08-15 03:04:18 [INFO]: Login Attempt
{
  "service": "auth",
  "userId": 1,
  "email": "admin@gym.com",
  "ip": "::ffff:192.168.65.1",
  "success": true
}
2026-08-15 03:04:18 [ERROR]: Database Error: Database operation failed
Error
    at Query.run (/app/node_modules/sequelize/src/dialects/mysql/query.js:46:25)
    at /app/node_modules/sequelize/src/sequelize.js:650:28
    at processTicksAndRejections (node:internal/process/task_queues:95:5)
    at async MySQLQueryInterface.rawSelect (/app/node_modules/sequelize/src/dialects/abstract/query-interface.js:1043:18)
    at async Function.aggregate (/app/node_modules/sequelize/src/model.js:2067:19)
    at async Function.sum (/app/node_modules/sequelize/src/model.js:2236:12)
    at async Promise.all (index 0)
    at async /app/src/controllers/dashboard.controller.ts:36:59
{
  "service": "database",
  "error": "Unknown column 'MemberSubscription.createdAt' in 'where clause'",
  "url": "/api/dashboard",
  "method": "GET",
  "ip": "::ffff:192.168.65.1",
  "userAgent": "Mozilla/5.0 (Macintosh; Intel Mac OS X 10_15_7) AppleWebKit/537.36 (KHTML, like Gecko) Chrome/151.0.0.0 Safari/537.36",
  "userId": 1,
  "body": {},
  "params": {},
  "query": {}
}
2026-08-15 03:04:21 [INFO]: Login Attempt
{
  "service": "auth",
  "userId": 1,
  "email": "admin@gym.com",
  "ip": "::ffff:192.168.65.1",
  "success": true
}
2026-08-15 03:04:21 [INFO]: Login Attempt
{
  "service": "auth",
  "userId": 1,
  "email": "admin@gym.com",
  "ip": "::ffff:192.168.65.1",
  "success": true
}
2026-08-15 03:04:24 [INFO]: Login Attempt
{
  "service": "auth",
  "userId": 1,
  "email": "admin@gym.com",
  "ip": "::ffff:192.168.65.1",
  "success": true
}
2026-08-15 03:04:24 [INFO]: Login Attempt
{
  "service": "auth",
  "userId": 1,
  "email": "admin@gym.com",
  "ip": "::ffff:192.168.65.1",
  "success": true
}
2026-08-15 03:04:24 [ERROR]: Database Error: Database operation failed
Error
    at Query.run (/app/node_modules/sequelize/src/dialects/mysql/query.js:46:25)
    at /app/node_modules/sequelize/src/sequelize.js:650:28
    at processTicksAndRejections (node:internal/process/task_queues:95:5)
    at async MySQLQueryInterface.select (/app/node_modules/sequelize/src/dialects/abstract/query-interface.js:1001:12)
    at async Function.findAll (/app/node_modules/sequelize/src/model.js:1824:21)
    at async Promise.all (index 1)
    at async Function.findAndCountAll (/app/node_modules/sequelize/src/model.js:2183:27)
    at async /app/src/routes/user.routes.ts:60:34
{
  "service": "database",
  "error": "Unknown column 'User.createdAt' in 'order clause'",
  "url": "/api/users?page=1&limit=10&search=&status=&role=",
  "method": "GET",
  "ip": "::ffff:192.168.65.1",
  "userAgent": "Mozilla/5.0 (Macintosh; Intel Mac OS X 10_15_7) AppleWebKit/537.36 (KHTML, like Gecko) Chrome/151.0.0.0 Safari/537.36",
  "userId": 1,
  "body": {},
  "params": {},
  "query": {
    "page": "1",
    "limit": "10",
    "search": "",
    "status": "",
    "role": ""
  }
}
2026-08-15 03:04:24 [INFO]: Login Attempt
{
  "service": "auth",
  "userId": 1,
  "email": "admin@gym.com",
  "ip": "::ffff:192.168.65.1",
  "success": true
}
2026-08-15 03:04:24 [ERROR]: Database Error: Database operation failed
Error
    at Query.run (/app/node_modules/sequelize/src/dialects/mysql/query.js:46:25)
    at /app/node_modules/sequelize/src/sequelize.js:650:28
    at processTicksAndRejections (node:internal/process/task_queues:95:5)
    at async MySQLQueryInterface.select (/app/node_modules/sequelize/src/dialects/abstract/query-interface.js:1001:12)
    at async Function.findAll (/app/node_modules/sequelize/src/model.js:1824:21)
    at async Promise.all (index 1)
    at async Function.findAndCountAll (/app/node_modules/sequelize/src/model.js:2183:27)
    at async /app/src/routes/user.routes.ts:60:34
{
  "service": "database",
  "error": "Unknown column 'User.createdAt' in 'order clause'",
  "url": "/api/users?page=1&limit=10&search=&status=&role=",
  "method": "GET",
  "ip": "::ffff:192.168.65.1",
  "userAgent": "Mozilla/5.0 (Macintosh; Intel Mac OS X 10_15_7) AppleWebKit/537.36 (KHTML, like Gecko) Chrome/151.0.0.0 Safari/537.36",
  "userId": 1,
  "body": {},
  "params": {},
  "query": {
    "page": "1",
    "limit": "10",
    "search": "",
    "status": "",
    "role": ""
  }
}
2026-08-15 03:04:24 [INFO]: Login Attempt
{
  "service": "auth",
  "userId": 1,
  "email": "admin@gym.com",
  "ip": "::ffff:192.168.65.1",
  "success": true
}
2026-08-15 03:04:27 [INFO]: Login Attempt
{
  "service": "auth",
  "userId": 1,
  "email": "admin@gym.com",
  "ip": "::ffff:192.168.65.1",
  "success": true
}
2026-08-15 03:04:27 [INFO]: Login Attempt
{
  "service": "auth",
  "userId": 1,
  "email": "admin@gym.com",
  "ip": "::ffff:192.168.65.1",
  "success": true
}
2026-08-15 03:04:53 [INFO]: Login Attempt
{
  "service": "auth",
  "userId": 1,
  "email": "admin@gym.com",
  "ip": "::ffff:192.168.65.1",
  "success": true
}
2026-08-15 03:04:53 [INFO]: User Logout
{
  "service": "auth",
  "userId": 1,
  "email": "admin@gym.com"
}
2026-08-15 03:06:15 [INFO]: Database connection established successfully (development)
2026-08-15 03:06:15 [INFO]: Database ready for use (using migrations)
2026-08-15 03:06:15 [INFO]: Database connected successfully
2026-08-15 03:06:15 [INFO]: Session store configured (memory store)
2026-08-15 03:06:15 [INFO]: Redis session store configured
2026-08-15 03:06:15 [INFO]: 🚀 Server running on port 5000 in development mode
2026-08-15 03:06:15 [INFO]: 📊 API Health: http://localhost:5000/api/health
2026-08-15 03:06:15 [INFO]: 📖 API Docs: http://localhost:5000/api/docs
2026-08-15 03:06:42 [INFO]: SIGTERM received, shutting down gracefully
2026-08-15 03:06:43 [INFO]: Database connection established successfully (development)
2026-08-15 03:06:43 [INFO]: Database ready for use (using migrations)
2026-08-15 03:06:43 [INFO]: Database connected successfully
2026-08-15 03:06:43 [INFO]: Session store configured (memory store)
2026-08-15 03:06:44 [INFO]: Redis session store configured
2026-08-15 03:06:44 [INFO]: 🚀 Server running on port 5000 in development mode
2026-08-15 03:06:44 [INFO]: 📊 API Health: http://localhost:5000/api/health
2026-08-15 03:06:44 [INFO]: 📖 API Docs: http://localhost:5000/api/docs
2026-08-15 03:06:48 [INFO]: Login Attempt
{
  "service": "auth",
  "userId": 1052,
  "email": "ttmduyen@gmail.com",
  "ip": "",
  "success": true
}
2026-08-15 03:06:48 [INFO]: Login Attempt
{
  "service": "auth",
  "userId": 1052,
  "email": "ttmduyen@gmail.com",
  "ip": "::ffff:192.168.65.1",
  "success": true
}
2026-08-15 03:06:48 [INFO]: Redis Client Connected
2026-08-15 03:06:48 [INFO]: Redis Client Ready
2026-08-15 03:06:48 [INFO]: Login Attempt
{
  "service": "auth",
  "userId": 1052,
  "email": "ttmduyen@gmail.com",
  "ip": "::ffff:192.168.65.1",
  "success": true
}
2026-08-15 03:06:48 [INFO]: Login Attempt
{
  "service": "auth",
  "userId": 1052,
  "email": "ttmduyen@gmail.com",
  "ip": "::ffff:192.168.65.1",
  "success": true
}
2026-08-15 03:06:52 [INFO]: Login Attempt
{
  "service": "auth",
  "userId": 1052,
  "email": "ttmduyen@gmail.com",
  "ip": "::ffff:192.168.65.1",
  "success": true
}
2026-08-15 03:06:52 [INFO]: Login Attempt
{
  "service": "auth",
  "userId": 1052,
  "email": "ttmduyen@gmail.com",
  "ip": "::ffff:192.168.65.1",
  "success": true
}
2026-08-15 03:06:52 [INFO]: Login Attempt
{
  "service": "auth",
  "userId": 1052,
  "email": "ttmduyen@gmail.com",
  "ip": "::ffff:192.168.65.1",
  "success": true
}
2026-08-15 03:06:52 [INFO]: Login Attempt
{
  "service": "auth",
  "userId": 1052,
  "email": "ttmduyen@gmail.com",
  "ip": "::ffff:192.168.65.1",
  "success": true
}
2026-08-15 03:07:19 [INFO]: Login Attempt
{
  "service": "auth",
  "userId": 1052,
  "email": "ttmduyen@gmail.com",
  "ip": "::ffff:192.168.65.1",
  "success": true
}
2026-08-15 03:07:19 [INFO]: Login Attempt
{
  "service": "auth",
  "userId": 1052,
  "email": "ttmduyen@gmail.com",
  "ip": "::ffff:192.168.65.1",
  "success": true
}
2026-08-15 03:07:19 [WARN]: 404 Not Found
{
  "path": "/api/progress/exercises?limit=100",
  "method": "GET",
  "ip": "::ffff:192.168.65.1",
  "userAgent": "Mozilla/5.0 (Macintosh; Intel Mac OS X 10_15_7) AppleWebKit/537.36 (KHTML, like Gecko) Chrome/151.0.0.0 Safari/537.36",
  "referer": "http://localhost:3000/"
}
2026-08-15 03:07:19 [INFO]: Login Attempt
{
  "service": "auth",
  "userId": 1052,
  "email": "ttmduyen@gmail.com",
  "ip": "::ffff:192.168.65.1",
  "success": true
}
2026-08-15 03:07:19 [WARN]: 404 Not Found
{
  "path": "/api/progress/exercises?limit=100",
  "method": "GET",
  "ip": "::ffff:192.168.65.1",
  "userAgent": "Mozilla/5.0 (Macintosh; Intel Mac OS X 10_15_7) AppleWebKit/537.36 (KHTML, like Gecko) Chrome/151.0.0.0 Safari/537.36",
  "referer": "http://localhost:3000/"
}
2026-08-15 03:07:19 [INFO]: Login Attempt
{
  "service": "auth",
  "userId": 1052,
  "email": "ttmduyen@gmail.com",
  "ip": "::ffff:192.168.65.1",
  "success": true
}
2026-08-15 03:07:20 [INFO]: Login Attempt
{
  "service": "auth",
  "userId": 1052,
  "email": "ttmduyen@gmail.com",
  "ip": "::ffff:192.168.65.1",
  "success": true
}
2026-08-15 03:07:20 [INFO]: Login Attempt
{
  "service": "auth",
  "userId": 1052,
  "email": "ttmduyen@gmail.com",
  "ip": "::ffff:192.168.65.1",
  "success": true
}
2026-08-15 03:07:20 [INFO]: Login Attempt
{
  "service": "auth",
  "userId": 1052,
  "email": "ttmduyen@gmail.com",
  "ip": "::ffff:192.168.65.1",
  "success": true
}
2026-08-15 03:07:20 [INFO]: Login Attempt
{
  "service": "auth",
  "userId": 1052,
  "email": "ttmduyen@gmail.com",
  "ip": "::ffff:192.168.65.1",
  "success": true
}
2026-08-15 03:07:21 [INFO]: Login Attempt
{
  "service": "auth",
  "userId": 1052,
  "email": "ttmduyen@gmail.com",
  "ip": "::ffff:192.168.65.1",
  "success": true
}
2026-08-15 03:07:21 [INFO]: Login Attempt
{
  "service": "auth",
  "userId": 1052,
  "email": "ttmduyen@gmail.com",
  "ip": "::ffff:192.168.65.1",
  "success": true
}
2026-08-15 03:07:26 [INFO]: Login Attempt
{
  "service": "auth",
  "userId": 1052,
  "email": "ttmduyen@gmail.com",
  "ip": "::ffff:192.168.65.1",
  "success": true
}
2026-08-15 03:07:26 [INFO]: Login Attempt
{
  "service": "auth",
  "userId": 1052,
  "email": "ttmduyen@gmail.com",
  "ip": "::ffff:192.168.65.1",
  "success": true
}
2026-08-15 03:07:26 [INFO]: Login Attempt
{
  "service": "auth",
  "userId": 1052,
  "email": "ttmduyen@gmail.com",
  "ip": "::ffff:192.168.65.1",
  "success": true
}
2026-08-15 03:07:26 [INFO]: Login Attempt
{
  "service": "auth",
  "userId": 1052,
  "email": "ttmduyen@gmail.com",
  "ip": "::ffff:192.168.65.1",
  "success": true
}
2026-08-15 03:07:26 [INFO]: Login Attempt
{
  "service": "auth",
  "userId": 1052,
  "email": "ttmduyen@gmail.com",
  "ip": "::ffff:192.168.65.1",
  "success": true
}
2026-08-15 03:07:26 [INFO]: Login Attempt
{
  "service": "auth",
  "userId": 1052,
  "email": "ttmduyen@gmail.com",
  "ip": "::ffff:192.168.65.1",
  "success": true
}
2026-08-15 03:07:26 [INFO]: Login Attempt
{
  "service": "auth",
  "userId": 1052,
  "email": "ttmduyen@gmail.com",
  "ip": "::ffff:192.168.65.1",
  "success": true
}
2026-08-15 03:07:26 [INFO]: Login Attempt
{
  "service": "auth",
  "userId": 1052,
  "email": "ttmduyen@gmail.com",
  "ip": "::ffff:192.168.65.1",
  "success": true
}
2026-08-15 03:07:32 [INFO]: Login Attempt
{
  "service": "auth",
  "userId": 1052,
  "email": "ttmduyen@gmail.com",
  "ip": "::ffff:192.168.65.1",
  "success": true
}
2026-08-15 03:07:32 [INFO]: Login Attempt
{
  "service": "auth",
  "userId": 1052,
  "email": "ttmduyen@gmail.com",
  "ip": "::ffff:192.168.65.1",
  "success": true
}
2026-08-15 03:07:32 [INFO]: Login Attempt
{
  "service": "auth",
  "userId": 1052,
  "email": "ttmduyen@gmail.com",
  "ip": "::ffff:192.168.65.1",
  "success": true
}
2026-08-15 03:07:32 [INFO]: Login Attempt
{
  "service": "auth",
  "userId": 1052,
  "email": "ttmduyen@gmail.com",
  "ip": "::ffff:192.168.65.1",
  "success": true
}
2026-08-15 03:07:32 [INFO]: Login Attempt
{
  "service": "auth",
  "userId": 1052,
  "email": "ttmduyen@gmail.com",
  "ip": "::ffff:192.168.65.1",
  "success": true
}
2026-08-15 03:07:32 [INFO]: Login Attempt
{
  "service": "auth",
  "userId": 1052,
  "email": "ttmduyen@gmail.com",
  "ip": "::ffff:192.168.65.1",
  "success": true
}
2026-08-15 03:07:44 [INFO]: Login Attempt
{
  "service": "auth",
  "userId": 1052,
  "email": "ttmduyen@gmail.com",
  "ip": "::ffff:192.168.65.1",
  "success": true
}
2026-08-15 03:07:44 [INFO]: Login Attempt
{
  "service": "auth",
  "userId": 1052,
  "email": "ttmduyen@gmail.com",
  "ip": "::ffff:192.168.65.1",
  "success": true
}
2026-08-15 03:07:51 [INFO]: Login Attempt
{
  "service": "auth",
  "userId": 1052,
  "email": "ttmduyen@gmail.com",
  "ip": "::ffff:192.168.65.1",
  "success": true
}
2026-08-15 03:07:51 [INFO]: Login Attempt
{
  "service": "auth",
  "userId": 1052,
  "email": "ttmduyen@gmail.com",
  "ip": "::ffff:192.168.65.1",
  "success": true
}
2026-08-15 03:07:53 [INFO]: Login Attempt
{
  "service": "auth",
  "userId": 1052,
  "email": "ttmduyen@gmail.com",
  "ip": "::ffff:192.168.65.1",
  "success": true
}
2026-08-15 03:07:53 [INFO]: Login Attempt
{
  "service": "auth",
  "userId": 1052,
  "email": "ttmduyen@gmail.com",
  "ip": "::ffff:192.168.65.1",
  "success": true
}
2026-08-15 03:07:53 [INFO]: Login Attempt
{
  "service": "auth",
  "userId": 1052,
  "email": "ttmduyen@gmail.com",
  "ip": "::ffff:192.168.65.1",
  "success": true
}
2026-08-15 03:07:53 [INFO]: Login Attempt
{
  "service": "auth",
  "userId": 1052,
  "email": "ttmduyen@gmail.com",
  "ip": "::ffff:192.168.65.1",
  "success": true
}
2026-08-15 03:07:53 [INFO]: Login Attempt
{
  "service": "auth",
  "userId": 1052,
  "email": "ttmduyen@gmail.com",
  "ip": "::ffff:192.168.65.1",
  "success": true
}
2026-08-15 03:07:53 [INFO]: Login Attempt
{
  "service": "auth",
  "userId": 1052,
  "email": "ttmduyen@gmail.com",
  "ip": "::ffff:192.168.65.1",
  "success": true
}
2026-08-15 03:07:53 [INFO]: Login Attempt
{
  "service": "auth",
  "userId": 1052,
  "email": "ttmduyen@gmail.com",
  "ip": "::ffff:192.168.65.1",
  "success": true
}
2026-08-15 03:07:53 [INFO]: Login Attempt
{
  "service": "auth",
  "userId": 1052,
  "email": "ttmduyen@gmail.com",
  "ip": "::ffff:192.168.65.1",
  "success": true
}
2026-08-15 03:07:54 [INFO]: Login Attempt
{
  "service": "auth",
  "userId": 1052,
  "email": "ttmduyen@gmail.com",
  "ip": "::ffff:192.168.65.1",
  "success": true
}
2026-08-15 03:07:54 [INFO]: Login Attempt
{
  "service": "auth",
  "userId": 1052,
  "email": "ttmduyen@gmail.com",
  "ip": "::ffff:192.168.65.1",
  "success": true
}
2026-08-15 03:07:54 [WARN]: 404 Not Found
{
  "path": "/api/progress/exercises?limit=100",
  "method": "GET",
  "ip": "::ffff:192.168.65.1",
  "userAgent": "Mozilla/5.0 (Macintosh; Intel Mac OS X 10_15_7) AppleWebKit/537.36 (KHTML, like Gecko) Chrome/151.0.0.0 Safari/537.36",
  "referer": "http://localhost:3000/"
}
2026-08-15 03:07:54 [INFO]: Login Attempt
{
  "service": "auth",
  "userId": 1052,
  "email": "ttmduyen@gmail.com",
  "ip": "::ffff:192.168.65.1",
  "success": true
}
2026-08-15 03:07:54 [WARN]: 404 Not Found
{
  "path": "/api/progress/exercises?limit=100",
  "method": "GET",
  "ip": "::ffff:192.168.65.1",
  "userAgent": "Mozilla/5.0 (Macintosh; Intel Mac OS X 10_15_7) AppleWebKit/537.36 (KHTML, like Gecko) Chrome/151.0.0.0 Safari/537.36",
  "referer": "http://localhost:3000/"
}
2026-08-15 03:07:54 [INFO]: Login Attempt
{
  "service": "auth",
  "userId": 1052,
  "email": "ttmduyen@gmail.com",
  "ip": "::ffff:192.168.65.1",
  "success": true
}
2026-08-15 03:07:55 [INFO]: Login Attempt
{
  "service": "auth",
  "userId": 1052,
  "email": "ttmduyen@gmail.com",
  "ip": "::ffff:192.168.65.1",
  "success": true
}
2026-08-15 03:07:55 [INFO]: Login Attempt
{
  "service": "auth",
  "userId": 1052,
  "email": "ttmduyen@gmail.com",
  "ip": "::ffff:192.168.65.1",
  "success": true
}
2026-08-15 03:07:55 [INFO]: Login Attempt
{
  "service": "auth",
  "userId": 1052,
  "email": "ttmduyen@gmail.com",
  "ip": "::ffff:192.168.65.1",
  "success": true
}
2026-08-15 03:07:55 [INFO]: Login Attempt
{
  "service": "auth",
  "userId": 1052,
  "email": "ttmduyen@gmail.com",
  "ip": "::ffff:192.168.65.1",
  "success": true
}
2026-08-15 03:07:56 [INFO]: Login Attempt
{
  "service": "auth",
  "userId": 1052,
  "email": "ttmduyen@gmail.com",
  "ip": "::ffff:192.168.65.1",
  "success": true
}
2026-08-15 03:07:56 [INFO]: Login Attempt
{
  "service": "auth",
  "userId": 1052,
  "email": "ttmduyen@gmail.com",
  "ip": "::ffff:192.168.65.1",
  "success": true
}
2026-08-15 03:07:56 [WARN]: 404 Not Found
{
  "path": "/api/progress/exercises?limit=100",
  "method": "GET",
  "ip": "::ffff:192.168.65.1",
  "userAgent": "Mozilla/5.0 (Macintosh; Intel Mac OS X 10_15_7) AppleWebKit/537.36 (KHTML, like Gecko) Chrome/151.0.0.0 Safari/537.36",
  "referer": "http://localhost:3000/"
}
2026-08-15 03:07:56 [INFO]: Login Attempt
{
  "service": "auth",
  "userId": 1052,
  "email": "ttmduyen@gmail.com",
  "ip": "::ffff:192.168.65.1",
  "success": true
}
2026-08-15 03:07:56 [WARN]: 404 Not Found
{
  "path": "/api/progress/exercises?limit=100",
  "method": "GET",
  "ip": "::ffff:192.168.65.1",
  "userAgent": "Mozilla/5.0 (Macintosh; Intel Mac OS X 10_15_7) AppleWebKit/537.36 (KHTML, like Gecko) Chrome/151.0.0.0 Safari/537.36",
  "referer": "http://localhost:3000/"
}
2026-08-15 03:07:56 [INFO]: Login Attempt
{
  "service": "auth",
  "userId": 1052,
  "email": "ttmduyen@gmail.com",
  "ip": "::ffff:192.168.65.1",
  "success": true
}
2026-08-15 03:07:57 [INFO]: Login Attempt
{
  "service": "auth",
  "userId": 1052,
  "email": "ttmduyen@gmail.com",
  "ip": "::ffff:192.168.65.1",
  "success": true
}
2026-08-15 03:07:57 [INFO]: Login Attempt
{
  "service": "auth",
  "userId": 1052,
  "email": "ttmduyen@gmail.com",
  "ip": "::ffff:192.168.65.1",
  "success": true
}
2026-08-15 03:07:58 [INFO]: Login Attempt
{
  "service": "auth",
  "userId": 1052,
  "email": "ttmduyen@gmail.com",
  "ip": "::ffff:192.168.65.1",
  "success": true
}
2026-08-15 03:07:58 [INFO]: Login Attempt
{
  "service": "auth",
  "userId": 1052,
  "email": "ttmduyen@gmail.com",
  "ip": "::ffff:192.168.65.1",
  "success": true
}
2026-08-15 03:07:58 [INFO]: Login Attempt
{
  "service": "auth",
  "userId": 1052,
  "email": "ttmduyen@gmail.com",
  "ip": "::ffff:192.168.65.1",
  "success": true
}
2026-08-15 03:07:58 [INFO]: Login Attempt
{
  "service": "auth",
  "userId": 1052,
  "email": "ttmduyen@gmail.com",
  "ip": "::ffff:192.168.65.1",
  "success": true
}
2026-08-15 03:08:06 [INFO]: Login Attempt
{
  "service": "auth",
  "userId": 1052,
  "email": "ttmduyen@gmail.com",
  "ip": "::ffff:192.168.65.1",
  "success": true
}
2026-08-15 03:08:06 [INFO]: Login Attempt
{
  "service": "auth",
  "userId": 1052,
  "email": "ttmduyen@gmail.com",
  "ip": "::ffff:192.168.65.1",
  "success": true
}
2026-08-15 03:08:06 [WARN]: 404 Not Found
{
  "path": "/api/progress/exercises?limit=100",
  "method": "GET",
  "ip": "::ffff:192.168.65.1",
  "userAgent": "Mozilla/5.0 (Macintosh; Intel Mac OS X 10_15_7) AppleWebKit/537.36 (KHTML, like Gecko) Chrome/151.0.0.0 Safari/537.36",
  "referer": "http://localhost:3000/"
}
2026-08-15 03:08:06 [INFO]: Login Attempt
{
  "service": "auth",
  "userId": 1052,
  "email": "ttmduyen@gmail.com",
  "ip": "::ffff:192.168.65.1",
  "success": true
}
2026-08-15 03:08:06 [WARN]: 404 Not Found
{
  "path": "/api/progress/exercises?limit=100",
  "method": "GET",
  "ip": "::ffff:192.168.65.1",
  "userAgent": "Mozilla/5.0 (Macintosh; Intel Mac OS X 10_15_7) AppleWebKit/537.36 (KHTML, like Gecko) Chrome/151.0.0.0 Safari/537.36",
  "referer": "http://localhost:3000/"
}
2026-08-15 03:08:06 [INFO]: Login Attempt
{
  "service": "auth",
  "userId": 1052,
  "email": "ttmduyen@gmail.com",
  "ip": "::ffff:192.168.65.1",
  "success": true
}
2026-08-15 03:08:09 [INFO]: Login Attempt
{
  "service": "auth",
  "userId": 1052,
  "email": "ttmduyen@gmail.com",
  "ip": "::ffff:192.168.65.1",
  "success": true
}
2026-08-15 03:08:09 [INFO]: Login Attempt
{
  "service": "auth",
  "userId": 1052,
  "email": "ttmduyen@gmail.com",
  "ip": "::ffff:192.168.65.1",
  "success": true
}
2026-08-15 03:08:09 [INFO]: Login Attempt
{
  "service": "auth",
  "userId": 1052,
  "email": "ttmduyen@gmail.com",
  "ip": "::ffff:192.168.65.1",
  "success": true
}
2026-08-15 03:08:09 [INFO]: Login Attempt
{
  "service": "auth",
  "userId": 1052,
  "email": "ttmduyen@gmail.com",
  "ip": "::ffff:192.168.65.1",
  "success": true
}
2026-08-15 03:08:31 [INFO]: Login Attempt
{
  "service": "auth",
  "userId": 1052,
  "email": "ttmduyen@gmail.com",
  "ip": "::ffff:192.168.65.1",
  "success": true
}
2026-08-15 03:08:31 [INFO]: Login Attempt
{
  "service": "auth",
  "userId": 1052,
  "email": "ttmduyen@gmail.com",
  "ip": "::ffff:192.168.65.1",
  "success": true
}
2026-08-15 03:08:56 [INFO]: Login Attempt
{
  "service": "auth",
  "userId": 1052,
  "email": "ttmduyen@gmail.com",
  "ip": "::ffff:192.168.65.1",
  "success": true
}
2026-08-15 03:08:56 [INFO]: Login Attempt
{
  "service": "auth",
  "userId": 1052,
  "email": "ttmduyen@gmail.com",
  "ip": "::ffff:192.168.65.1",
  "success": true
}
2026-08-15 03:09:05 [INFO]: Login Attempt
{
  "service": "auth",
  "userId": 1052,
  "email": "ttmduyen@gmail.com",
  "ip": "::ffff:192.168.65.1",
  "success": true
}
2026-08-15 03:09:11 [INFO]: Login Attempt
{
  "service": "auth",
  "userId": 1052,
  "email": "ttmduyen@gmail.com",
  "ip": "::ffff:192.168.65.1",
  "success": true
}
2026-08-15 03:09:11 [INFO]: Login Attempt
{
  "service": "auth",
  "userId": 1052,
  "email": "ttmduyen@gmail.com",
  "ip": "::ffff:192.168.65.1",
  "success": true
}
2026-08-15 03:09:11 [INFO]: Login Attempt
{
  "service": "auth",
  "userId": 1052,
  "email": "ttmduyen@gmail.com",
  "ip": "::ffff:192.168.65.1",
  "success": true
}
2026-08-15 03:09:11 [INFO]: Login Attempt
{
  "service": "auth",
  "userId": 1052,
  "email": "ttmduyen@gmail.com",
  "ip": "::ffff:192.168.65.1",
  "success": true
}
2026-08-15 03:09:28 [INFO]: Login Attempt
{
  "service": "auth",
  "userId": 1052,
  "email": "ttmduyen@gmail.com",
  "ip": "::ffff:192.168.65.1",
  "success": true
}
2026-08-15 03:09:28 [INFO]: Login Attempt
{
  "service": "auth",
  "userId": 1052,
  "email": "ttmduyen@gmail.com",
  "ip": "::ffff:192.168.65.1",
  "success": true
}
2026-08-15 03:09:28 [WARN]: 404 Not Found
{
  "path": "/api/progress/exercises?limit=100",
  "method": "GET",
  "ip": "::ffff:192.168.65.1",
  "userAgent": "Mozilla/5.0 (Macintosh; Intel Mac OS X 10_15_7) AppleWebKit/537.36 (KHTML, like Gecko) Chrome/151.0.0.0 Safari/537.36",
  "referer": "http://localhost:3000/"
}
2026-08-15 03:09:28 [INFO]: Login Attempt
{
  "service": "auth",
  "userId": 1052,
  "email": "ttmduyen@gmail.com",
  "ip": "::ffff:192.168.65.1",
  "success": true
}
2026-08-15 03:09:28 [WARN]: 404 Not Found
{
  "path": "/api/progress/exercises?limit=100",
  "method": "GET",
  "ip": "::ffff:192.168.65.1",
  "userAgent": "Mozilla/5.0 (Macintosh; Intel Mac OS X 10_15_7) AppleWebKit/537.36 (KHTML, like Gecko) Chrome/151.0.0.0 Safari/537.36",
  "referer": "http://localhost:3000/"
}
2026-08-15 03:09:28 [INFO]: Login Attempt
{
  "service": "auth",
  "userId": 1052,
  "email": "ttmduyen@gmail.com",
  "ip": "::ffff:192.168.65.1",
  "success": true
}
2026-08-15 03:09:34 [INFO]: Login Attempt
{
  "service": "auth",
  "userId": 1052,
  "email": "ttmduyen@gmail.com",
  "ip": "::ffff:192.168.65.1",
  "success": true
}
2026-08-15 03:09:34 [INFO]: Login Attempt
{
  "service": "auth",
  "userId": 1052,
  "email": "ttmduyen@gmail.com",
  "ip": "::ffff:192.168.65.1",
  "success": true
}
2026-08-15 03:09:35 [INFO]: Login Attempt
{
  "service": "auth",
  "userId": 1052,
  "email": "ttmduyen@gmail.com",
  "ip": "::ffff:192.168.65.1",
  "success": true
}
2026-08-15 03:09:35 [INFO]: Login Attempt
{
  "service": "auth",
  "userId": 1052,
  "email": "ttmduyen@gmail.com",
  "ip": "::ffff:192.168.65.1",
  "success": true
}
2026-08-15 03:09:35 [INFO]: Login Attempt
{
  "service": "auth",
  "userId": 1052,
  "email": "ttmduyen@gmail.com",
  "ip": "::ffff:192.168.65.1",
  "success": true
}
2026-08-15 03:09:35 [INFO]: Login Attempt
{
  "service": "auth",
  "userId": 1052,
  "email": "ttmduyen@gmail.com",
  "ip": "::ffff:192.168.65.1",
  "success": true
}
2026-08-15 03:09:36 [INFO]: Login Attempt
{
  "service": "auth",
  "userId": 1052,
  "email": "ttmduyen@gmail.com",
  "ip": "::ffff:192.168.65.1",
  "success": true
}
2026-08-15 03:09:36 [WARN]: 404 Not Found
{
  "path": "/api/progress/exercises?limit=100",
  "method": "GET",
  "ip": "::ffff:192.168.65.1",
  "userAgent": "Mozilla/5.0 (Macintosh; Intel Mac OS X 10_15_7) AppleWebKit/537.36 (KHTML, like Gecko) Chrome/151.0.0.0 Safari/537.36",
  "referer": "http://localhost:3000/"
}
2026-08-15 03:09:36 [INFO]: Login Attempt
{
  "service": "auth",
  "userId": 1052,
  "email": "ttmduyen@gmail.com",
  "ip": "::ffff:192.168.65.1",
  "success": true
}
2026-08-15 03:09:36 [INFO]: Login Attempt
{
  "service": "auth",
  "userId": 1052,
  "email": "ttmduyen@gmail.com",
  "ip": "::ffff:192.168.65.1",
  "success": true
}
2026-08-15 03:09:36 [WARN]: 404 Not Found
{
  "path": "/api/progress/exercises?limit=100",
  "method": "GET",
  "ip": "::ffff:192.168.65.1",
  "userAgent": "Mozilla/5.0 (Macintosh; Intel Mac OS X 10_15_7) AppleWebKit/537.36 (KHTML, like Gecko) Chrome/151.0.0.0 Safari/537.36",
  "referer": "http://localhost:3000/"
}
2026-08-15 03:09:36 [INFO]: Login Attempt
{
  "service": "auth",
  "userId": 1052,
  "email": "ttmduyen@gmail.com",
  "ip": "::ffff:192.168.65.1",
  "success": true
}
2026-08-15 03:09:36 [INFO]: Login Attempt
{
  "service": "auth",
  "userId": 1052,
  "email": "ttmduyen@gmail.com",
  "ip": "::ffff:192.168.65.1",
  "success": true
}
2026-08-15 03:09:36 [INFO]: Login Attempt
{
  "service": "auth",
  "userId": 1052,
  "email": "ttmduyen@gmail.com",
  "ip": "::ffff:192.168.65.1",
  "success": true
}
2026-08-15 03:10:09 [INFO]: Login Attempt
{
  "service": "auth",
  "userId": 1052,
  "email": "ttmduyen@gmail.com",
  "ip": "::ffff:192.168.65.1",
  "success": true
}
2026-08-15 03:10:09 [INFO]: Login Attempt
{
  "service": "auth",
  "userId": 1052,
  "email": "ttmduyen@gmail.com",
  "ip": "::ffff:192.168.65.1",
  "success": true
}
2026-08-15 03:10:09 [INFO]: Login Attempt
{
  "service": "auth",
  "userId": 1052,
  "email": "ttmduyen@gmail.com",
  "ip": "::ffff:192.168.65.1",
  "success": true
}
2026-08-15 03:10:09 [INFO]: Login Attempt
{
  "service": "auth",
  "userId": 1052,
  "email": "ttmduyen@gmail.com",
  "ip": "::ffff:192.168.65.1",
  "success": true
}
2026-08-15 03:10:51 [INFO]: Login Attempt
{
  "service": "auth",
  "userId": 1052,
  "email": "ttmduyen@gmail.com",
  "ip": "::ffff:192.168.65.1",
  "success": true
}
2026-08-15 03:10:51 [INFO]: Login Attempt
{
  "service": "auth",
  "userId": 1052,
  "email": "ttmduyen@gmail.com",
  "ip": "::ffff:192.168.65.1",
  "success": true
}
2026-08-15 03:11:00 [INFO]: Login Attempt
{
  "service": "auth",
  "userId": 1052,
  "email": "ttmduyen@gmail.com",
  "ip": "::ffff:192.168.65.1",
  "success": true
}
2026-08-15 03:11:00 [INFO]: Login Attempt
{
  "service": "auth",
  "userId": 1052,
  "email": "ttmduyen@gmail.com",
  "ip": "::ffff:192.168.65.1",
  "success": true
}
2026-08-15 03:11:00 [INFO]: Login Attempt
{
  "service": "auth",
  "userId": 1052,
  "email": "ttmduyen@gmail.com",
  "ip": "::ffff:192.168.65.1",
  "success": true
}
2026-08-15 03:11:00 [INFO]: Login Attempt
{
  "service": "auth",
  "userId": 1052,
  "email": "ttmduyen@gmail.com",
  "ip": "::ffff:192.168.65.1",
  "success": true
}
2026-08-15 03:11:05 [INFO]: Login Attempt
{
  "service": "auth",
  "userId": 1052,
  "email": "ttmduyen@gmail.com",
  "ip": "::ffff:192.168.65.1",
  "success": true
}
2026-08-15 03:11:05 [INFO]: User Logout
{
  "service": "auth",
  "userId": 1052,
  "email": "ttmduyen@gmail.com"
}
2026-08-15 03:11:08 [INFO]: Login Attempt
{
  "service": "auth",
  "userId": 5,
  "email": "member@gym.com",
  "ip": "",
  "success": true
}
2026-08-15 03:11:08 [INFO]: Login Attempt
{
  "service": "auth",
  "userId": 5,
  "email": "member@gym.com",
  "ip": "::ffff:192.168.65.1",
  "success": true
}
2026-08-15 03:11:08 [INFO]: Login Attempt
{
  "service": "auth",
  "userId": 5,
  "email": "member@gym.com",
  "ip": "::ffff:192.168.65.1",
  "success": true
}
2026-08-15 03:11:08 [INFO]: Login Attempt
{
  "service": "auth",
  "userId": 5,
  "email": "member@gym.com",
  "ip": "::ffff:192.168.65.1",
  "success": true
}
2026-08-15 03:11:10 [INFO]: Login Attempt
{
  "service": "auth",
  "userId": 5,
  "email": "member@gym.com",
  "ip": "::ffff:192.168.65.1",
  "success": true
}
2026-08-15 03:11:10 [INFO]: Login Attempt
{
  "service": "auth",
  "userId": 5,
  "email": "member@gym.com",
  "ip": "::ffff:192.168.65.1",
  "success": true
}
2026-08-15 03:11:10 [INFO]: Login Attempt
{
  "service": "auth",
  "userId": 5,
  "email": "member@gym.com",
  "ip": "::ffff:192.168.65.1",
  "success": true
}
2026-08-15 03:11:10 [INFO]: Login Attempt
{
  "service": "auth",
  "userId": 5,
  "email": "member@gym.com",
  "ip": "::ffff:192.168.65.1",
  "success": true
}
2026-08-15 03:11:23 [INFO]: Login Attempt
{
  "service": "auth",
  "userId": 5,
  "email": "member@gym.com",
  "ip": "::ffff:192.168.65.1",
  "success": true
}
2026-08-15 03:11:23 [WARN]: Access denied
{
  "service": "app",
  "userId": 5,
  "userRole": "MEMBER",
  "allowedRoles": [
    "ADMIN",
    "STAFF"
  ],
  "path": "/api/subscriptions/1/renew",
  "method": "POST",
  "ip": "::ffff:192.168.65.1"
}
2026-08-15 03:11:23 [WARN]: Client Error 403: Insufficient permissions
{
  "url": "/api/subscriptions/1/renew",
  "method": "POST",
  "ip": "::ffff:192.168.65.1",
  "userAgent": "Mozilla/5.0 (Macintosh; Intel Mac OS X 10_15_7) AppleWebKit/537.36 (KHTML, like Gecko) Chrome/151.0.0.0 Safari/537.36",
  "userId": 5,
  "body": {
    "packageId": 1,
    "paymentMethod": "CASH"
  },
  "params": {},
  "query": {}
}
2026-08-15 03:11:53 [INFO]: Login Attempt
{
  "service": "auth",
  "userId": 5,
  "email": "member@gym.com",
  "ip": "::ffff:192.168.65.1",
  "success": true
}
2026-08-15 03:11:53 [INFO]: User Logout
{
  "service": "auth",
  "userId": 5,
  "email": "member@gym.com"
}
2026-08-15 03:11:56 [INFO]: Login Attempt
{
  "service": "auth",
  "userId": 1,
  "email": "admin@gym.com",
  "ip": "",
  "success": true
}
2026-08-15 03:11:56 [INFO]: Login Attempt
{
  "service": "auth",
  "userId": 1,
  "email": "admin@gym.com",
  "ip": "::ffff:192.168.65.1",
  "success": true
}
2026-08-15 03:11:56 [INFO]: Login Attempt
{
  "service": "auth",
  "userId": 1,
  "email": "admin@gym.com",
  "ip": "::ffff:192.168.65.1",
  "success": true
}
2026-08-15 03:11:56 [ERROR]: Database Error: Database operation failed
Error
    at Query.run (/app/node_modules/sequelize/src/dialects/mysql/query.js:46:25)
    at /app/node_modules/sequelize/src/sequelize.js:650:28
    at processTicksAndRejections (node:internal/process/task_queues:95:5)
    at async MySQLQueryInterface.rawSelect (/app/node_modules/sequelize/src/dialects/abstract/query-interface.js:1043:18)
    at async Function.aggregate (/app/node_modules/sequelize/src/model.js:2067:19)
    at async Function.sum (/app/node_modules/sequelize/src/model.js:2236:12)
    at async Promise.all (index 0)
    at async /app/src/controllers/dashboard.controller.ts:36:59
{
  "service": "database",
  "error": "Unknown column 'MemberSubscription.createdAt' in 'where clause'",
  "url": "/api/dashboard",
  "method": "GET",
  "ip": "::ffff:192.168.65.1",
  "userAgent": "Mozilla/5.0 (Macintosh; Intel Mac OS X 10_15_7) AppleWebKit/537.36 (KHTML, like Gecko) Chrome/151.0.0.0 Safari/537.36",
  "userId": 1,
  "body": {},
  "params": {},
  "query": {}
}
2026-08-15 03:11:57 [INFO]: Login Attempt
{
  "service": "auth",
  "userId": 1,
  "email": "admin@gym.com",
  "ip": "::ffff:192.168.65.1",
  "success": true
}
2026-08-15 03:11:57 [ERROR]: Database Error: Database operation failed
Error
    at Query.run (/app/node_modules/sequelize/src/dialects/mysql/query.js:46:25)
    at /app/node_modules/sequelize/src/sequelize.js:650:28
    at processTicksAndRejections (node:internal/process/task_queues:95:5)
    at async MySQLQueryInterface.rawSelect (/app/node_modules/sequelize/src/dialects/abstract/query-interface.js:1043:18)
    at async Function.aggregate (/app/node_modules/sequelize/src/model.js:2067:19)
    at async Function.sum (/app/node_modules/sequelize/src/model.js:2236:12)
    at async Promise.all (index 0)
    at async /app/src/controllers/dashboard.controller.ts:36:59
{
  "service": "database",
  "error": "Unknown column 'MemberSubscription.createdAt' in 'where clause'",
  "url": "/api/dashboard",
  "method": "GET",
  "ip": "::ffff:192.168.65.1",
  "userAgent": "Mozilla/5.0 (Macintosh; Intel Mac OS X 10_15_7) AppleWebKit/537.36 (KHTML, like Gecko) Chrome/151.0.0.0 Safari/537.36",
  "userId": 1,
  "body": {},
  "params": {},
  "query": {}
}
2026-08-15 03:11:59 [INFO]: Login Attempt
{
  "service": "auth",
  "userId": 1,
  "email": "admin@gym.com",
  "ip": "::ffff:192.168.65.1",
  "success": true
}
2026-08-15 03:11:59 [INFO]: Login Attempt
{
  "service": "auth",
  "userId": 1,
  "email": "admin@gym.com",
  "ip": "::ffff:192.168.65.1",
  "success": true
}
2026-08-15 03:11:59 [INFO]: Login Attempt
{
  "service": "auth",
  "userId": 1,
  "email": "admin@gym.com",
  "ip": "::ffff:192.168.65.1",
  "success": true
}
2026-08-15 03:11:59 [INFO]: Login Attempt
{
  "service": "auth",
  "userId": 1,
  "email": "admin@gym.com",
  "ip": "::ffff:192.168.65.1",
  "success": true
}
2026-08-15 03:12:05 [INFO]: Login Attempt
{
  "service": "auth",
  "userId": 1,
  "email": "admin@gym.com",
  "ip": "::ffff:192.168.65.1",
  "success": true
}
2026-08-15 03:12:05 [INFO]: Login Attempt
{
  "service": "auth",
  "userId": 1,
  "email": "admin@gym.com",
  "ip": "::ffff:192.168.65.1",
  "success": true
}
2026-08-15 03:12:05 [INFO]: Login Attempt
{
  "service": "auth",
  "userId": 1,
  "email": "admin@gym.com",
  "ip": "::ffff:192.168.65.1",
  "success": true
}
2026-08-15 03:12:05 [INFO]: Login Attempt
{
  "service": "auth",
  "userId": 1,
  "email": "admin@gym.com",
  "ip": "::ffff:192.168.65.1",
  "success": true
}
2026-08-15 03:15:14 [INFO]: Login Attempt
{
  "service": "auth",
  "userId": 1,
  "email": "admin@gym.com",
  "ip": "::ffff:192.168.65.1",
  "success": true
}
2026-08-15 03:15:15 [INFO]: Login Attempt
{
  "service": "auth",
  "userId": 1,
  "email": "admin@gym.com",
  "ip": "::ffff:192.168.65.1",
  "success": true
}
2026-08-15 03:15:24 [INFO]: Login Attempt
{
  "service": "auth",
  "userId": 1,
  "email": "admin@gym.com",
  "ip": "::ffff:192.168.65.1",
  "success": true
}
2026-08-15 03:15:24 [WARN]: 404 Not Found
{
  "path": "/api/payments/1/status",
  "method": "PUT",
  "ip": "::ffff:192.168.65.1",
  "userAgent": "Mozilla/5.0 (Macintosh; Intel Mac OS X 10_15_7) AppleWebKit/537.36 (KHTML, like Gecko) Chrome/151.0.0.0 Safari/537.36",
  "referer": "http://localhost:3000/"
}
2026-08-15 03:15:54 [INFO]: Login Attempt
{
  "service": "auth",
  "userId": 1,
  "email": "admin@gym.com",
  "ip": "::ffff:192.168.65.1",
  "success": true
}
2026-08-15 03:15:54 [INFO]: User Logout
{
  "service": "auth",
  "userId": 1,
  "email": "admin@gym.com"
}
2026-08-15 03:15:58 [INFO]: Login Attempt
{
  "service": "auth",
  "userId": 5,
  "email": "member@gym.com",
  "ip": "",
  "success": true
}
2026-08-15 03:15:58 [INFO]: Login Attempt
{
  "service": "auth",
  "userId": 5,
  "email": "member@gym.com",
  "ip": "::ffff:192.168.65.1",
  "success": true
}
2026-08-15 03:15:59 [INFO]: Login Attempt
{
  "service": "auth",
  "userId": 5,
  "email": "member@gym.com",
  "ip": "::ffff:192.168.65.1",
  "success": true
}
2026-08-15 03:15:59 [INFO]: Login Attempt
{
  "service": "auth",
  "userId": 5,
  "email": "member@gym.com",
  "ip": "::ffff:192.168.65.1",
  "success": true
}
2026-08-15 03:16:01 [INFO]: Login Attempt
{
  "service": "auth",
  "userId": 5,
  "email": "member@gym.com",
  "ip": "::ffff:192.168.65.1",
  "success": true
}
2026-08-15 03:16:01 [INFO]: Login Attempt
{
  "service": "auth",
  "userId": 5,
  "email": "member@gym.com",
  "ip": "::ffff:192.168.65.1",
  "success": true
}
2026-08-15 03:16:01 [INFO]: Login Attempt
{
  "service": "auth",
  "userId": 5,
  "email": "member@gym.com",
  "ip": "::ffff:192.168.65.1",
  "success": true
}
2026-08-15 03:16:01 [INFO]: Login Attempt
{
  "service": "auth",
  "userId": 5,
  "email": "member@gym.com",
  "ip": "::ffff:192.168.65.1",
  "success": true
}
2026-08-15 03:16:13 [INFO]: Login Attempt
{
  "service": "auth",
  "userId": 5,
  "email": "member@gym.com",
  "ip": "::ffff:192.168.65.1",
  "success": true
}
2026-08-15 03:16:13 [INFO]: Login Attempt
{
  "service": "auth",
  "userId": 5,
  "email": "member@gym.com",
  "ip": "::ffff:192.168.65.1",
  "success": true
}
2026-08-15 03:16:19 [INFO]: Login Attempt
{
  "service": "auth",
  "userId": 5,
  "email": "member@gym.com",
  "ip": "::ffff:192.168.65.1",
  "success": true
}
2026-08-15 03:16:19 [INFO]: User Logout
{
  "service": "auth",
  "userId": 5,
  "email": "member@gym.com"
}
2026-08-15 03:16:22 [INFO]: Login Attempt
{
  "service": "auth",
  "userId": 1,
  "email": "admin@gym.com",
  "ip": "",
  "success": true
}
2026-08-15 03:16:22 [INFO]: Login Attempt
{
  "service": "auth",
  "userId": 1,
  "email": "admin@gym.com",
  "ip": "::ffff:192.168.65.1",
  "success": true
}
2026-08-15 03:16:22 [INFO]: Login Attempt
{
  "service": "auth",
  "userId": 1,
  "email": "admin@gym.com",
  "ip": "::ffff:192.168.65.1",
  "success": true
}
2026-08-15 03:16:22 [ERROR]: Database Error: Database operation failed
Error
    at Query.run (/app/node_modules/sequelize/src/dialects/mysql/query.js:46:25)
    at /app/node_modules/sequelize/src/sequelize.js:650:28
    at processTicksAndRejections (node:internal/process/task_queues:95:5)
    at async MySQLQueryInterface.rawSelect (/app/node_modules/sequelize/src/dialects/abstract/query-interface.js:1043:18)
    at async Function.aggregate (/app/node_modules/sequelize/src/model.js:2067:19)
    at async Function.sum (/app/node_modules/sequelize/src/model.js:2236:12)
    at async Promise.all (index 0)
    at async /app/src/controllers/dashboard.controller.ts:36:59
{
  "service": "database",
  "error": "Unknown column 'MemberSubscription.createdAt' in 'where clause'",
  "url": "/api/dashboard",
  "method": "GET",
  "ip": "::ffff:192.168.65.1",
  "userAgent": "Mozilla/5.0 (Macintosh; Intel Mac OS X 10_15_7) AppleWebKit/537.36 (KHTML, like Gecko) Chrome/151.0.0.0 Safari/537.36",
  "userId": 1,
  "body": {},
  "params": {},
  "query": {}
}
2026-08-15 03:16:22 [INFO]: Login Attempt
{
  "service": "auth",
  "userId": 1,
  "email": "admin@gym.com",
  "ip": "::ffff:192.168.65.1",
  "success": true
}
2026-08-15 03:16:22 [ERROR]: Database Error: Database operation failed
Error
    at Query.run (/app/node_modules/sequelize/src/dialects/mysql/query.js:46:25)
    at /app/node_modules/sequelize/src/sequelize.js:650:28
    at processTicksAndRejections (node:internal/process/task_queues:95:5)
    at async MySQLQueryInterface.rawSelect (/app/node_modules/sequelize/src/dialects/abstract/query-interface.js:1043:18)
    at async Function.aggregate (/app/node_modules/sequelize/src/model.js:2067:19)
    at async Function.sum (/app/node_modules/sequelize/src/model.js:2236:12)
    at async Promise.all (index 0)
    at async /app/src/controllers/dashboard.controller.ts:36:59
{
  "service": "database",
  "error": "Unknown column 'MemberSubscription.createdAt' in 'where clause'",
  "url": "/api/dashboard",
  "method": "GET",
  "ip": "::ffff:192.168.65.1",
  "userAgent": "Mozilla/5.0 (Macintosh; Intel Mac OS X 10_15_7) AppleWebKit/537.36 (KHTML, like Gecko) Chrome/151.0.0.0 Safari/537.36",
  "userId": 1,
  "body": {},
  "params": {},
  "query": {}
}
2026-08-15 03:16:28 [INFO]: Login Attempt
{
  "service": "auth",
  "userId": 1,
  "email": "admin@gym.com",
  "ip": "::ffff:192.168.65.1",
  "success": true
}
2026-08-15 03:16:28 [INFO]: Login Attempt
{
  "service": "auth",
  "userId": 1,
  "email": "admin@gym.com",
  "ip": "::ffff:192.168.65.1",
  "success": true
}
2026-08-15 03:16:36 [INFO]: Login Attempt
{
  "service": "auth",
  "userId": 1,
  "email": "admin@gym.com",
  "ip": "::ffff:192.168.65.1",
  "success": true
}
2026-08-15 03:16:36 [INFO]: Login Attempt
{
  "service": "auth",
  "userId": 1,
  "email": "admin@gym.com",
  "ip": "::ffff:192.168.65.1",
  "success": true
}
2026-08-15 03:16:40 [INFO]: Login Attempt
{
  "service": "auth",
  "userId": 1,
  "email": "admin@gym.com",
  "ip": "::ffff:192.168.65.1",
  "success": true
}
2026-08-15 03:16:40 [INFO]: Login Attempt
{
  "service": "auth",
  "userId": 1,
  "email": "admin@gym.com",
  "ip": "::ffff:192.168.65.1",
  "success": true
}
2026-08-15 03:16:41 [INFO]: Login Attempt
{
  "service": "auth",
  "userId": 1,
  "email": "admin@gym.com",
  "ip": "::ffff:192.168.65.1",
  "success": true
}
2026-08-15 03:16:41 [INFO]: Login Attempt
{
  "service": "auth",
  "userId": 1,
  "email": "admin@gym.com",
  "ip": "::ffff:192.168.65.1",
  "success": true
}
2026-08-15 03:18:00 [INFO]: Login Attempt
{
  "service": "auth",
  "userId": 1,
  "email": "admin@gym.com",
  "ip": "::ffff:192.168.65.1",
  "success": true
}
2026-08-15 03:18:00 [INFO]: User Logout
{
  "service": "auth",
  "userId": 1,
  "email": "admin@gym.com"
}
2026-08-15 03:20:36 [INFO]: SIGTERM received, shutting down gracefully
2026-08-15 03:20:55 [INFO]: Database connection established successfully (development)
2026-08-15 03:20:55 [INFO]: Database ready for use (using migrations)
2026-08-15 03:20:55 [INFO]: Database connected successfully
2026-08-15 03:20:55 [INFO]: Session store configured (memory store)
2026-08-15 03:20:55 [INFO]: Redis session store configured
2026-08-15 03:20:55 [INFO]: 🚀 Server running on port 5000 in development mode
2026-08-15 03:20:55 [INFO]: 📊 API Health: http://localhost:5000/api/health
2026-08-15 03:20:55 [INFO]: 📖 API Docs: http://localhost:5000/api/docs
2026-08-15 03:21:01 [INFO]: Login Attempt
{
  "service": "auth",
  "userId": 5,
  "email": "member@gym.com",
  "ip": "",
  "success": true
}
2026-08-15 03:21:01 [INFO]: Login Attempt
{
  "service": "auth",
  "userId": 5,
  "email": "member@gym.com",
  "ip": "::ffff:192.168.65.1",
  "success": true
}
2026-08-15 03:21:01 [INFO]: Redis Client Connected
2026-08-15 03:21:01 [INFO]: Redis Client Ready
2026-08-15 03:21:01 [INFO]: Login Attempt
{
  "service": "auth",
  "userId": 5,
  "email": "member@gym.com",
  "ip": "::ffff:192.168.65.1",
  "success": true
}
2026-08-15 03:21:01 [INFO]: Login Attempt
{
  "service": "auth",
  "userId": 5,
  "email": "member@gym.com",
  "ip": "::ffff:192.168.65.1",
  "success": true
}
2026-08-15 03:21:09 [INFO]: Login Attempt
{
  "service": "auth",
  "userId": 5,
  "email": "member@gym.com",
  "ip": "::ffff:192.168.65.1",
  "success": true
}
2026-08-15 03:21:09 [INFO]: Login Attempt
{
  "service": "auth",
  "userId": 5,
  "email": "member@gym.com",
  "ip": "::ffff:192.168.65.1",
  "success": true
}
2026-08-15 03:21:15 [INFO]: Login Attempt
{
  "service": "auth",
  "userId": 5,
  "email": "member@gym.com",
  "ip": "::ffff:192.168.65.1",
  "success": true
}
2026-08-15 03:21:15 [INFO]: Login Attempt
{
  "service": "auth",
  "userId": 5,
  "email": "member@gym.com",
  "ip": "::ffff:192.168.65.1",
  "success": true
}
2026-08-15 03:21:15 [INFO]: Login Attempt
{
  "service": "auth",
  "userId": 5,
  "email": "member@gym.com",
  "ip": "::ffff:192.168.65.1",
  "success": true
}
2026-08-15 03:21:15 [INFO]: Login Attempt
{
  "service": "auth",
  "userId": 5,
  "email": "member@gym.com",
  "ip": "::ffff:192.168.65.1",
  "success": true
}
2026-08-15 03:21:25 [INFO]: Login Attempt
{
  "service": "auth",
  "userId": 5,
  "email": "member@gym.com",
  "ip": "::ffff:192.168.65.1",
  "success": true
}
2026-08-15 03:21:25 [WARN]: Access denied
{
  "service": "app",
  "userId": 5,
  "userRole": "MEMBER",
  "allowedRoles": [
    "ADMIN",
    "STAFF"
  ],
  "path": "/api/subscriptions/1/renew",
  "method": "POST",
  "ip": "::ffff:192.168.65.1"
}
2026-08-15 03:21:25 [WARN]: Client Error 403: Insufficient permissions
{
  "url": "/api/subscriptions/1/renew",
  "method": "POST",
  "ip": "::ffff:192.168.65.1",
  "userAgent": "Mozilla/5.0 (Macintosh; Intel Mac OS X 10_15_7) AppleWebKit/537.36 (KHTML, like Gecko) Chrome/151.0.0.0 Safari/537.36",
  "userId": 5,
  "body": {
    "packageId": 7,
    "paymentMethod": "CASH"
  },
  "params": {},
  "query": {}
}
2026-08-15 03:22:21 [INFO]: Login Attempt
{
  "service": "auth",
  "userId": 5,
  "email": "member@gym.com",
  "ip": "::ffff:192.168.65.1",
  "success": true
}
2026-08-15 03:22:21 [INFO]: User Logout
{
  "service": "auth",
  "userId": 5,
  "email": "member@gym.com"
}
2026-08-15 03:22:32 [INFO]: Login Attempt
{
  "service": "auth",
  "userId": 5,
  "email": "member@gym.com",
  "ip": "",
  "success": true
}
2026-08-15 03:22:32 [INFO]: Login Attempt
{
  "service": "auth",
  "userId": 5,
  "email": "member@gym.com",
  "ip": "::ffff:192.168.65.1",
  "success": true
}
2026-08-15 03:22:32 [INFO]: Login Attempt
{
  "service": "auth",
  "userId": 5,
  "email": "member@gym.com",
  "ip": "::ffff:192.168.65.1",
  "success": true
}
2026-08-15 03:22:32 [INFO]: Login Attempt
{
  "service": "auth",
  "userId": 5,
  "email": "member@gym.com",
  "ip": "::ffff:192.168.65.1",
  "success": true
}
2026-08-15 03:22:33 [INFO]: Login Attempt
{
  "service": "auth",
  "userId": 5,
  "email": "member@gym.com",
  "ip": "::ffff:192.168.65.1",
  "success": true
}
2026-08-15 03:22:33 [INFO]: Login Attempt
{
  "service": "auth",
  "userId": 5,
  "email": "member@gym.com",
  "ip": "::ffff:192.168.65.1",
  "success": true
}
2026-08-15 03:22:34 [INFO]: Login Attempt
{
  "service": "auth",
  "userId": 5,
  "email": "member@gym.com",
  "ip": "::ffff:192.168.65.1",
  "success": true
}
2026-08-15 03:22:35 [INFO]: Login Attempt
{
  "service": "auth",
  "userId": 5,
  "email": "member@gym.com",
  "ip": "::ffff:192.168.65.1",
  "success": true
}
2026-08-15 03:22:41 [INFO]: Login Attempt
{
  "service": "auth",
  "userId": 5,
  "email": "member@gym.com",
  "ip": "::ffff:192.168.65.1",
  "success": true
}
2026-08-15 03:22:41 [INFO]: User Logout
{
  "service": "auth",
  "userId": 5,
  "email": "member@gym.com"
}
2026-08-15 03:22:56 [INFO]: Login Attempt
{
  "service": "auth",
  "userId": 1052,
  "email": "ttmduyen@gmail.com",
  "ip": "",
  "success": true
}
2026-08-15 03:22:56 [INFO]: Login Attempt
{
  "service": "auth",
  "userId": 1052,
  "email": "ttmduyen@gmail.com",
  "ip": "::ffff:192.168.65.1",
  "success": true
}
2026-08-15 03:22:56 [INFO]: Login Attempt
{
  "service": "auth",
  "userId": 1052,
  "email": "ttmduyen@gmail.com",
  "ip": "::ffff:192.168.65.1",
  "success": true
}
2026-08-15 03:22:56 [INFO]: Login Attempt
{
  "service": "auth",
  "userId": 1052,
  "email": "ttmduyen@gmail.com",
  "ip": "::ffff:192.168.65.1",
  "success": true
}
2026-08-15 03:23:03 [INFO]: Login Attempt
{
  "service": "auth",
  "userId": 1052,
  "email": "ttmduyen@gmail.com",
  "ip": "::ffff:192.168.65.1",
  "success": true
}
2026-08-15 03:23:03 [INFO]: Login Attempt
{
  "service": "auth",
  "userId": 1052,
  "email": "ttmduyen@gmail.com",
  "ip": "::ffff:192.168.65.1",
  "success": true
}
2026-08-15 03:23:03 [INFO]: Login Attempt
{
  "service": "auth",
  "userId": 1052,
  "email": "ttmduyen@gmail.com",
  "ip": "::ffff:192.168.65.1",
  "success": true
}
2026-08-15 03:23:03 [INFO]: Login Attempt
{
  "service": "auth",
  "userId": 1052,
  "email": "ttmduyen@gmail.com",
  "ip": "::ffff:192.168.65.1",
  "success": true
}
2026-08-15 03:24:02 [INFO]: Login Attempt
{
  "service": "auth",
  "userId": 1052,
  "email": "ttmduyen@gmail.com",
  "ip": "::ffff:192.168.65.1",
  "success": true
}
2026-08-15 03:24:02 [INFO]: Login Attempt
{
  "service": "auth",
  "userId": 1052,
  "email": "ttmduyen@gmail.com",
  "ip": "::ffff:192.168.65.1",
  "success": true
}
2026-08-15 03:24:15 [INFO]: Login Attempt
{
  "service": "auth",
  "userId": 1052,
  "email": "ttmduyen@gmail.com",
  "ip": "::ffff:192.168.65.1",
  "success": true
}
2026-08-15 03:24:15 [INFO]: Login Attempt
{
  "service": "auth",
  "userId": 1052,
  "email": "ttmduyen@gmail.com",
  "ip": "::ffff:192.168.65.1",
  "success": true
}
2026-08-15 03:24:15 [INFO]: Login Attempt
{
  "service": "auth",
  "userId": 1052,
  "email": "ttmduyen@gmail.com",
  "ip": "::ffff:192.168.65.1",
  "success": true
}
2026-08-15 03:24:15 [INFO]: Login Attempt
{
  "service": "auth",
  "userId": 1052,
  "email": "ttmduyen@gmail.com",
  "ip": "::ffff:192.168.65.1",
  "success": true
}
2026-08-15 03:24:21 [INFO]: Login Attempt
{
  "service": "auth",
  "userId": 1052,
  "email": "ttmduyen@gmail.com",
  "ip": "::ffff:192.168.65.1",
  "success": true
}
2026-08-15 03:24:21 [INFO]: Login Attempt
{
  "service": "auth",
  "userId": 1052,
  "email": "ttmduyen@gmail.com",
  "ip": "::ffff:192.168.65.1",
  "success": true
}
2026-08-15 03:25:10 [INFO]: Login Attempt
{
  "service": "auth",
  "userId": 1052,
  "email": "ttmduyen@gmail.com",
  "ip": "::ffff:192.168.65.1",
  "success": true
}
2026-08-15 03:25:15 [INFO]: Login Attempt
{
  "service": "auth",
  "userId": 1052,
  "email": "ttmduyen@gmail.com",
  "ip": "::ffff:192.168.65.1",
  "success": true
}
2026-08-15 03:25:15 [INFO]: Login Attempt
{
  "service": "auth",
  "userId": 1052,
  "email": "ttmduyen@gmail.com",
  "ip": "::ffff:192.168.65.1",
  "success": true
}
2026-08-15 03:25:17 [INFO]: Login Attempt
{
  "service": "auth",
  "userId": 1052,
  "email": "ttmduyen@gmail.com",
  "ip": "::ffff:192.168.65.1",
  "success": true
}
2026-08-15 03:25:30 [INFO]: Login Attempt
{
  "service": "auth",
  "userId": 1052,
  "email": "ttmduyen@gmail.com",
  "ip": "::ffff:192.168.65.1",
  "success": true
}
2026-08-15 03:25:30 [INFO]: User Logout
{
  "service": "auth",
  "userId": 1052,
  "email": "ttmduyen@gmail.com"
}
2026-08-15 03:25:41 [INFO]: Login Attempt
{
  "service": "auth",
  "userId": 3,
  "email": "trainer@gym.com",
  "ip": "",
  "success": true
}
2026-08-15 03:25:41 [INFO]: Login Attempt
{
  "service": "auth",
  "userId": 3,
  "email": "trainer@gym.com",
  "ip": "::ffff:192.168.65.1",
  "success": true
}
2026-08-15 03:25:41 [INFO]: Login Attempt
{
  "service": "auth",
  "userId": 3,
  "email": "trainer@gym.com",
  "ip": "::ffff:192.168.65.1",
  "success": true
}
2026-08-15 03:25:41 [INFO]: Login Attempt
{
  "service": "auth",
  "userId": 3,
  "email": "trainer@gym.com",
  "ip": "::ffff:192.168.65.1",
  "success": true
}
2026-08-15 03:25:41 [INFO]: Login Attempt
{
  "service": "auth",
  "userId": 3,
  "email": "trainer@gym.com",
  "ip": "::ffff:192.168.65.1",
  "success": true
}
2026-08-15 03:25:41 [INFO]: Login Attempt
{
  "service": "auth",
  "userId": 3,
  "email": "trainer@gym.com",
  "ip": "::ffff:192.168.65.1",
  "success": true
}
2026-08-15 03:25:45 [INFO]: Login Attempt
{
  "service": "auth",
  "userId": 3,
  "email": "trainer@gym.com",
  "ip": "::ffff:192.168.65.1",
  "success": true
}
2026-08-15 03:25:45 [INFO]: Login Attempt
{
  "service": "auth",
  "userId": 3,
  "email": "trainer@gym.com",
  "ip": "::ffff:192.168.65.1",
  "success": true
}
2026-08-15 03:25:45 [INFO]: Login Attempt
{
  "service": "auth",
  "userId": 3,
  "email": "trainer@gym.com",
  "ip": "::ffff:192.168.65.1",
  "success": true
}
2026-08-15 03:25:45 [INFO]: Login Attempt
{
  "service": "auth",
  "userId": 3,
  "email": "trainer@gym.com",
  "ip": "::ffff:192.168.65.1",
  "success": true
}
2026-08-15 03:25:54 [INFO]: Login Attempt
{
  "service": "auth",
  "userId": 3,
  "email": "trainer@gym.com",
  "ip": "::ffff:192.168.65.1",
  "success": true
}
2026-08-15 03:25:54 [INFO]: Login Attempt
{
  "service": "auth",
  "userId": 3,
  "email": "trainer@gym.com",
  "ip": "::ffff:192.168.65.1",
  "success": true
}
2026-08-15 03:25:54 [INFO]: Login Attempt
{
  "service": "auth",
  "userId": 3,
  "email": "trainer@gym.com",
  "ip": "::ffff:192.168.65.1",
  "success": true
}
2026-08-15 03:25:54 [INFO]: Login Attempt
{
  "service": "auth",
  "userId": 3,
  "email": "trainer@gym.com",
  "ip": "::ffff:192.168.65.1",
  "success": true
}
2026-08-15 03:25:58 [INFO]: Login Attempt
{
  "service": "auth",
  "userId": 3,
  "email": "trainer@gym.com",
  "ip": "::ffff:192.168.65.1",
  "success": true
}
2026-08-15 03:27:16 [INFO]: Login Attempt
{
  "service": "auth",
  "userId": 3,
  "email": "trainer@gym.com",
  "ip": "::ffff:192.168.65.1",
  "success": true
}
2026-08-15 03:27:16 [INFO]: Login Attempt
{
  "service": "auth",
  "userId": 3,
  "email": "trainer@gym.com",
  "ip": "::ffff:192.168.65.1",
  "success": true
}
2026-08-15 03:27:16 [INFO]: Login Attempt
{
  "service": "auth",
  "userId": 3,
  "email": "trainer@gym.com",
  "ip": "::ffff:192.168.65.1",
  "success": true
}
2026-08-15 03:27:16 [INFO]: Login Attempt
{
  "service": "auth",
  "userId": 3,
  "email": "trainer@gym.com",
  "ip": "::ffff:192.168.65.1",
  "success": true
}
2026-08-15 03:27:16 [INFO]: Login Attempt
{
  "service": "auth",
  "userId": 3,
  "email": "trainer@gym.com",
  "ip": "::ffff:192.168.65.1",
  "success": true
}
2026-08-15 03:27:16 [INFO]: Login Attempt
{
  "service": "auth",
  "userId": 3,
  "email": "trainer@gym.com",
  "ip": "::ffff:192.168.65.1",
  "success": true
}
2026-08-15 03:27:18 [INFO]: Login Attempt
{
  "service": "auth",
  "userId": 3,
  "email": "trainer@gym.com",
  "ip": "::ffff:192.168.65.1",
  "success": true
}
2026-08-15 03:27:45 [INFO]: Login Attempt
{
  "service": "auth",
  "userId": 3,
  "email": "trainer@gym.com",
  "ip": "::ffff:192.168.65.1",
  "success": true
}
2026-08-15 03:27:45 [INFO]: User Logout
{
  "service": "auth",
  "userId": 3,
  "email": "trainer@gym.com"
}
2026-08-15 03:28:05 [INFO]: Login Attempt
{
  "service": "auth",
  "userId": 1,
  "email": "admin@gym.com",
  "ip": "",
  "success": true
}
2026-08-15 03:28:05 [INFO]: Login Attempt
{
  "service": "auth",
  "userId": 1,
  "email": "admin@gym.com",
  "ip": "::ffff:192.168.65.1",
  "success": true
}
2026-08-15 03:28:05 [INFO]: Login Attempt
{
  "service": "auth",
  "userId": 1,
  "email": "admin@gym.com",
  "ip": "::ffff:192.168.65.1",
  "success": true
}
2026-08-15 03:28:05 [ERROR]: Database Error: Database operation failed
Error
    at Query.run (/app/node_modules/sequelize/src/dialects/mysql/query.js:46:25)
    at /app/node_modules/sequelize/src/sequelize.js:650:28
    at processTicksAndRejections (node:internal/process/task_queues:95:5)
    at async MySQLQueryInterface.rawSelect (/app/node_modules/sequelize/src/dialects/abstract/query-interface.js:1043:18)
    at async Function.aggregate (/app/node_modules/sequelize/src/model.js:2067:19)
    at async Function.sum (/app/node_modules/sequelize/src/model.js:2236:12)
    at async Promise.all (index 0)
    at async /app/src/controllers/dashboard.controller.ts:36:59
{
  "service": "database",
  "error": "Unknown column 'MemberSubscription.createdAt' in 'where clause'",
  "url": "/api/dashboard",
  "method": "GET",
  "ip": "::ffff:192.168.65.1",
  "userAgent": "Mozilla/5.0 (Macintosh; Intel Mac OS X 10_15_7) AppleWebKit/537.36 (KHTML, like Gecko) Chrome/151.0.0.0 Safari/537.36",
  "userId": 1,
  "body": {},
  "params": {},
  "query": {}
}
2026-08-15 03:28:05 [INFO]: Login Attempt
{
  "service": "auth",
  "userId": 1,
  "email": "admin@gym.com",
  "ip": "::ffff:192.168.65.1",
  "success": true
}
2026-08-15 03:28:05 [ERROR]: Database Error: Database operation failed
Error
    at Query.run (/app/node_modules/sequelize/src/dialects/mysql/query.js:46:25)
    at /app/node_modules/sequelize/src/sequelize.js:650:28
    at processTicksAndRejections (node:internal/process/task_queues:95:5)
    at async MySQLQueryInterface.rawSelect (/app/node_modules/sequelize/src/dialects/abstract/query-interface.js:1043:18)
    at async Function.aggregate (/app/node_modules/sequelize/src/model.js:2067:19)
    at async Function.sum (/app/node_modules/sequelize/src/model.js:2236:12)
    at async Promise.all (index 0)
    at async /app/src/controllers/dashboard.controller.ts:36:59
{
  "service": "database",
  "error": "Unknown column 'MemberSubscription.createdAt' in 'where clause'",
  "url": "/api/dashboard",
  "method": "GET",
  "ip": "::ffff:192.168.65.1",
  "userAgent": "Mozilla/5.0 (Macintosh; Intel Mac OS X 10_15_7) AppleWebKit/537.36 (KHTML, like Gecko) Chrome/151.0.0.0 Safari/537.36",
  "userId": 1,
  "body": {},
  "params": {},
  "query": {}
}
2026-08-15 03:28:10 [INFO]: Login Attempt
{
  "service": "auth",
  "userId": 1,
  "email": "admin@gym.com",
  "ip": "::ffff:192.168.65.1",
  "success": true
}
2026-08-15 03:28:10 [INFO]: Login Attempt
{
  "service": "auth",
  "userId": 1,
  "email": "admin@gym.com",
  "ip": "::ffff:192.168.65.1",
  "success": true
}
2026-08-15 03:28:10 [INFO]: Login Attempt
{
  "service": "auth",
  "userId": 1,
  "email": "admin@gym.com",
  "ip": "::ffff:192.168.65.1",
  "success": true
}
2026-08-15 03:28:10 [INFO]: Login Attempt
{
  "service": "auth",
  "userId": 1,
  "email": "admin@gym.com",
  "ip": "::ffff:192.168.65.1",
  "success": true
}
2026-08-15 03:29:04 [INFO]: Login Attempt
{
  "service": "auth",
  "userId": 1,
  "email": "admin@gym.com",
  "ip": "::ffff:192.168.65.1",
  "success": true
}
2026-08-15 03:29:04 [INFO]: Login Attempt
{
  "service": "auth",
  "userId": 1,
  "email": "admin@gym.com",
  "ip": "::ffff:192.168.65.1",
  "success": true
}
2026-08-15 03:29:13 [INFO]: Login Attempt
{
  "service": "auth",
  "userId": 1,
  "email": "admin@gym.com",
  "ip": "::ffff:192.168.65.1",
  "success": true
}
2026-08-15 03:29:13 [INFO]: Login Attempt
{
  "service": "auth",
  "userId": 1,
  "email": "admin@gym.com",
  "ip": "::ffff:192.168.65.1",
  "success": true
}
2026-08-15 03:29:13 [INFO]: Login Attempt
{
  "service": "auth",
  "userId": 1,
  "email": "admin@gym.com",
  "ip": "::ffff:192.168.65.1",
  "success": true
}
2026-08-15 03:29:13 [INFO]: Login Attempt
{
  "service": "auth",
  "userId": 1,
  "email": "admin@gym.com",
  "ip": "::ffff:192.168.65.1",
  "success": true
}
2026-08-15 03:31:08 [INFO]: Login Attempt
{
  "service": "auth",
  "userId": 1,
  "email": "admin@gym.com",
  "ip": "::ffff:192.168.65.1",
  "success": true
}
2026-08-15 03:31:08 [INFO]: Login Attempt
{
  "service": "auth",
  "userId": 1,
  "email": "admin@gym.com",
  "ip": "::ffff:192.168.65.1",
  "success": true
}
2026-08-15 03:31:09 [INFO]: Login Attempt
{
  "service": "auth",
  "userId": 1,
  "email": "admin@gym.com",
  "ip": "::ffff:192.168.65.1",
  "success": true
}
2026-08-15 03:31:09 [INFO]: Login Attempt
{
  "service": "auth",
  "userId": 1,
  "email": "admin@gym.com",
  "ip": "::ffff:192.168.65.1",
  "success": true
}
2026-08-15 03:31:09 [INFO]: Login Attempt
{
  "service": "auth",
  "userId": 1,
  "email": "admin@gym.com",
  "ip": "::ffff:192.168.65.1",
  "success": true
}
2026-08-15 03:31:09 [INFO]: Login Attempt
{
  "service": "auth",
  "userId": 1,
  "email": "admin@gym.com",
  "ip": "::ffff:192.168.65.1",
  "success": true
}
2026-08-15 03:31:09 [ERROR]: Database Error: Database operation failed
Error
    at Query.run (/app/node_modules/sequelize/src/dialects/mysql/query.js:46:25)
    at /app/node_modules/sequelize/src/sequelize.js:650:28
    at processTicksAndRejections (node:internal/process/task_queues:95:5)
    at async MySQLQueryInterface.select (/app/node_modules/sequelize/src/dialects/abstract/query-interface.js:1001:12)
    at async Function.findAll (/app/node_modules/sequelize/src/model.js:1824:21)
    at async Promise.all (index 1)
    at async Function.findAndCountAll (/app/node_modules/sequelize/src/model.js:2183:27)
    at async /app/src/routes/user.routes.ts:60:34
{
  "service": "database",
  "error": "Unknown column 'User.createdAt' in 'order clause'",
  "url": "/api/users?page=1&limit=10&search=&status=&role=",
  "method": "GET",
  "ip": "::ffff:192.168.65.1",
  "userAgent": "Mozilla/5.0 (Macintosh; Intel Mac OS X 10_15_7) AppleWebKit/537.36 (KHTML, like Gecko) Chrome/151.0.0.0 Safari/537.36",
  "userId": 1,
  "body": {},
  "params": {},
  "query": {
    "page": "1",
    "limit": "10",
    "search": "",
    "status": "",
    "role": ""
  }
}
2026-08-15 03:31:09 [INFO]: Login Attempt
{
  "service": "auth",
  "userId": 1,
  "email": "admin@gym.com",
  "ip": "::ffff:192.168.65.1",
  "success": true
}
2026-08-15 03:31:09 [INFO]: Login Attempt
{
  "service": "auth",
  "userId": 1,
  "email": "admin@gym.com",
  "ip": "::ffff:192.168.65.1",
  "success": true
}
2026-08-15 03:31:09 [ERROR]: Database Error: Database operation failed
Error
    at Query.run (/app/node_modules/sequelize/src/dialects/mysql/query.js:46:25)
    at /app/node_modules/sequelize/src/sequelize.js:650:28
    at processTicksAndRejections (node:internal/process/task_queues:95:5)
    at async MySQLQueryInterface.select (/app/node_modules/sequelize/src/dialects/abstract/query-interface.js:1001:12)
    at async Function.findAll (/app/node_modules/sequelize/src/model.js:1824:21)
    at async Promise.all (index 1)
    at async Function.findAndCountAll (/app/node_modules/sequelize/src/model.js:2183:27)
    at async /app/src/routes/user.routes.ts:60:34
{
  "service": "database",
  "error": "Unknown column 'User.createdAt' in 'order clause'",
  "url": "/api/users?page=1&limit=10&search=&status=&role=",
  "method": "GET",
  "ip": "::ffff:192.168.65.1",
  "userAgent": "Mozilla/5.0 (Macintosh; Intel Mac OS X 10_15_7) AppleWebKit/537.36 (KHTML, like Gecko) Chrome/151.0.0.0 Safari/537.36",
  "userId": 1,
  "body": {},
  "params": {},
  "query": {
    "page": "1",
    "limit": "10",
    "search": "",
    "status": "",
    "role": ""
  }
}
2026-08-15 03:31:11 [INFO]: Login Attempt
{
  "service": "auth",
  "userId": 1,
  "email": "admin@gym.com",
  "ip": "::ffff:192.168.65.1",
  "success": true
}
2026-08-15 03:31:11 [INFO]: Login Attempt
{
  "service": "auth",
  "userId": 1,
  "email": "admin@gym.com",
  "ip": "::ffff:192.168.65.1",
  "success": true
}
2026-08-15 03:31:11 [INFO]: Login Attempt
{
  "service": "auth",
  "userId": 1,
  "email": "admin@gym.com",
  "ip": "::ffff:192.168.65.1",
  "success": true
}
2026-08-15 03:31:11 [INFO]: Login Attempt
{
  "service": "auth",
  "userId": 1,
  "email": "admin@gym.com",
  "ip": "::ffff:192.168.65.1",
  "success": true
}
2026-08-15 03:31:14 [INFO]: Login Attempt
{
  "service": "auth",
  "userId": 1,
  "email": "admin@gym.com",
  "ip": "::ffff:192.168.65.1",
  "success": true
}
2026-08-15 03:31:14 [INFO]: Login Attempt
{
  "service": "auth",
  "userId": 1,
  "email": "admin@gym.com",
  "ip": "::ffff:192.168.65.1",
  "success": true
}
2026-08-15 03:31:14 [ERROR]: Database Error: Database operation failed
Error
    at Query.run (/app/node_modules/sequelize/src/dialects/mysql/query.js:46:25)
    at /app/node_modules/sequelize/src/sequelize.js:650:28
    at processTicksAndRejections (node:internal/process/task_queues:95:5)
    at async MySQLQueryInterface.select (/app/node_modules/sequelize/src/dialects/abstract/query-interface.js:1001:12)
    at async Function.findAll (/app/node_modules/sequelize/src/model.js:1824:21)
    at async Promise.all (index 1)
    at async Function.findAndCountAll (/app/node_modules/sequelize/src/model.js:2183:27)
    at async /app/src/routes/user.routes.ts:60:34
{
  "service": "database",
  "error": "Unknown column 'User.createdAt' in 'order clause'",
  "url": "/api/users?page=1&limit=10&search=&status=&role=",
  "method": "GET",
  "ip": "::ffff:192.168.65.1",
  "userAgent": "Mozilla/5.0 (Macintosh; Intel Mac OS X 10_15_7) AppleWebKit/537.36 (KHTML, like Gecko) Chrome/151.0.0.0 Safari/537.36",
  "userId": 1,
  "body": {},
  "params": {},
  "query": {
    "page": "1",
    "limit": "10",
    "search": "",
    "status": "",
    "role": ""
  }
}
2026-08-15 03:31:14 [INFO]: Login Attempt
{
  "service": "auth",
  "userId": 1,
  "email": "admin@gym.com",
  "ip": "::ffff:192.168.65.1",
  "success": true
}
2026-08-15 03:31:14 [INFO]: Login Attempt
{
  "service": "auth",
  "userId": 1,
  "email": "admin@gym.com",
  "ip": "::ffff:192.168.65.1",
  "success": true
}
2026-08-15 03:31:14 [ERROR]: Database Error: Database operation failed
Error
    at Query.run (/app/node_modules/sequelize/src/dialects/mysql/query.js:46:25)
    at /app/node_modules/sequelize/src/sequelize.js:650:28
    at processTicksAndRejections (node:internal/process/task_queues:95:5)
    at async MySQLQueryInterface.select (/app/node_modules/sequelize/src/dialects/abstract/query-interface.js:1001:12)
    at async Function.findAll (/app/node_modules/sequelize/src/model.js:1824:21)
    at async Promise.all (index 1)
    at async Function.findAndCountAll (/app/node_modules/sequelize/src/model.js:2183:27)
    at async /app/src/routes/user.routes.ts:60:34
{
  "service": "database",
  "error": "Unknown column 'User.createdAt' in 'order clause'",
  "url": "/api/users?page=1&limit=10&search=&status=&role=",
  "method": "GET",
  "ip": "::ffff:192.168.65.1",
  "userAgent": "Mozilla/5.0 (Macintosh; Intel Mac OS X 10_15_7) AppleWebKit/537.36 (KHTML, like Gecko) Chrome/151.0.0.0 Safari/537.36",
  "userId": 1,
  "body": {},
  "params": {},
  "query": {
    "page": "1",
    "limit": "10",
    "search": "",
    "status": "",
    "role": ""
  }
}
2026-08-15 03:31:15 [INFO]: Login Attempt
{
  "service": "auth",
  "userId": 1,
  "email": "admin@gym.com",
  "ip": "::ffff:192.168.65.1",
  "success": true
}
2026-08-15 03:31:15 [INFO]: Login Attempt
{
  "service": "auth",
  "userId": 1,
  "email": "admin@gym.com",
  "ip": "::ffff:192.168.65.1",
  "success": true
}
2026-08-15 03:31:17 [INFO]: Login Attempt
{
  "service": "auth",
  "userId": 1,
  "email": "admin@gym.com",
  "ip": "::ffff:192.168.65.1",
  "success": true
}
2026-08-15 03:31:17 [INFO]: Login Attempt
{
  "service": "auth",
  "userId": 1,
  "email": "admin@gym.com",
  "ip": "::ffff:192.168.65.1",
  "success": true
}
2026-08-15 03:32:42 [INFO]: Login Attempt
{
  "service": "auth",
  "userId": 1,
  "email": "admin@gym.com",
  "ip": "::ffff:192.168.65.1",
  "success": true
}
2026-08-15 03:32:42 [INFO]: User Logout
{
  "service": "auth",
  "userId": 1,
  "email": "admin@gym.com"
}
2026-08-15 03:33:12 [INFO]: SIGTERM received, shutting down gracefully
2026-08-15 03:33:15 [INFO]: Database connection established successfully (development)
2026-08-15 03:33:15 [INFO]: Database ready for use (using migrations)
2026-08-15 03:33:15 [INFO]: Database connected successfully
2026-08-15 03:33:15 [INFO]: Session store configured (memory store)
2026-08-15 03:33:15 [INFO]: Redis session store configured
2026-08-15 03:33:15 [INFO]: 🚀 Server running on port 5000 in development mode
2026-08-15 03:33:15 [INFO]: 📊 API Health: http://localhost:5000/api/health
2026-08-15 03:33:15 [INFO]: 📖 API Docs: http://localhost:5000/api/docs
2026-08-15 03:33:15 [INFO]: Login Attempt
{
  "service": "auth",
  "userId": 5,
  "email": "member@gym.com",
  "ip": "",
  "success": true
}
2026-08-15 03:33:15 [INFO]: Login Attempt
{
  "service": "auth",
  "userId": 5,
  "email": "member@gym.com",
  "ip": "::ffff:192.168.65.1",
  "success": true
}
2026-08-15 03:33:15 [INFO]: Redis Client Connected
2026-08-15 03:33:15 [INFO]: Redis Client Ready
2026-08-15 03:33:15 [INFO]: Login Attempt
{
  "service": "auth",
  "userId": 5,
  "email": "member@gym.com",
  "ip": "::ffff:192.168.65.1",
  "success": true
}
2026-08-15 03:33:15 [INFO]: Login Attempt
{
  "service": "auth",
  "userId": 5,
  "email": "member@gym.com",
  "ip": "::ffff:192.168.65.1",
  "success": true
}
2026-08-15 03:33:20 [INFO]: Login Attempt
{
  "service": "auth",
  "userId": 5,
  "email": "member@gym.com",
  "ip": "::ffff:192.168.65.1",
  "success": true
}
2026-08-15 03:33:20 [INFO]: Login Attempt
{
  "service": "auth",
  "userId": 5,
  "email": "member@gym.com",
  "ip": "::ffff:192.168.65.1",
  "success": true
}
2026-08-15 03:33:20 [INFO]: Login Attempt
{
  "service": "auth",
  "userId": 5,
  "email": "member@gym.com",
  "ip": "::ffff:192.168.65.1",
  "success": true
}
2026-08-15 03:33:20 [INFO]: Login Attempt
{
  "service": "auth",
  "userId": 5,
  "email": "member@gym.com",
  "ip": "::ffff:192.168.65.1",
  "success": true
}
2026-08-15 03:36:43 [INFO]: Login Attempt
{
  "service": "auth",
  "userId": 5,
  "email": "member@gym.com",
  "ip": "::ffff:192.168.65.1",
  "success": true
}
2026-08-15 03:36:43 [INFO]: User Logout
{
  "service": "auth",
  "userId": 5,
  "email": "member@gym.com"
}
2026-08-15 03:36:46 [INFO]: Login Attempt
{
  "service": "auth",
  "userId": 1,
  "email": "admin@gym.com",
  "ip": "",
  "success": true
}
2026-08-15 03:36:46 [INFO]: Login Attempt
{
  "service": "auth",
  "userId": 1,
  "email": "admin@gym.com",
  "ip": "::ffff:192.168.65.1",
  "success": true
}
2026-08-15 03:36:46 [INFO]: Login Attempt
{
  "service": "auth",
  "userId": 1,
  "email": "admin@gym.com",
  "ip": "::ffff:192.168.65.1",
  "success": true
}
2026-08-15 03:36:46 [ERROR]: Database Error: Database operation failed
Error
    at Query.run (/app/node_modules/sequelize/src/dialects/mysql/query.js:46:25)
    at /app/node_modules/sequelize/src/sequelize.js:650:28
    at processTicksAndRejections (node:internal/process/task_queues:95:5)
    at async MySQLQueryInterface.rawSelect (/app/node_modules/sequelize/src/dialects/abstract/query-interface.js:1043:18)
    at async Function.aggregate (/app/node_modules/sequelize/src/model.js:2067:19)
    at async Function.sum (/app/node_modules/sequelize/src/model.js:2236:12)
    at async Promise.all (index 0)
    at async /app/src/controllers/dashboard.controller.ts:36:59
{
  "service": "database",
  "error": "Unknown column 'MemberSubscription.createdAt' in 'where clause'",
  "url": "/api/dashboard",
  "method": "GET",
  "ip": "::ffff:192.168.65.1",
  "userAgent": "Mozilla/5.0 (Macintosh; Intel Mac OS X 10_15_7) AppleWebKit/537.36 (KHTML, like Gecko) Chrome/151.0.0.0 Safari/537.36",
  "userId": 1,
  "body": {},
  "params": {},
  "query": {}
}
2026-08-15 03:36:46 [INFO]: Login Attempt
{
  "service": "auth",
  "userId": 1,
  "email": "admin@gym.com",
  "ip": "::ffff:192.168.65.1",
  "success": true
}
2026-08-15 03:36:46 [ERROR]: Database Error: Database operation failed
Error
    at Query.run (/app/node_modules/sequelize/src/dialects/mysql/query.js:46:25)
    at /app/node_modules/sequelize/src/sequelize.js:650:28
    at processTicksAndRejections (node:internal/process/task_queues:95:5)
    at async MySQLQueryInterface.rawSelect (/app/node_modules/sequelize/src/dialects/abstract/query-interface.js:1043:18)
    at async Function.aggregate (/app/node_modules/sequelize/src/model.js:2067:19)
    at async Function.sum (/app/node_modules/sequelize/src/model.js:2236:12)
    at async Promise.all (index 0)
    at async /app/src/controllers/dashboard.controller.ts:36:59
{
  "service": "database",
  "error": "Unknown column 'MemberSubscription.createdAt' in 'where clause'",
  "url": "/api/dashboard",
  "method": "GET",
  "ip": "::ffff:192.168.65.1",
  "userAgent": "Mozilla/5.0 (Macintosh; Intel Mac OS X 10_15_7) AppleWebKit/537.36 (KHTML, like Gecko) Chrome/151.0.0.0 Safari/537.36",
  "userId": 1,
  "body": {},
  "params": {},
  "query": {}
}
2026-08-15 03:36:48 [INFO]: Login Attempt
{
  "service": "auth",
  "userId": 1,
  "email": "admin@gym.com",
  "ip": "::ffff:192.168.65.1",
  "success": true
}
2026-08-15 03:36:48 [INFO]: Login Attempt
{
  "service": "auth",
  "userId": 1,
  "email": "admin@gym.com",
  "ip": "::ffff:192.168.65.1",
  "success": true
}
2026-08-15 03:36:48 [INFO]: Login Attempt
{
  "service": "auth",
  "userId": 1,
  "email": "admin@gym.com",
  "ip": "::ffff:192.168.65.1",
  "success": true
}
2026-08-15 03:36:48 [INFO]: Login Attempt
{
  "service": "auth",
  "userId": 1,
  "email": "admin@gym.com",
  "ip": "::ffff:192.168.65.1",
  "success": true
}
2026-08-15 03:45:22 [INFO]: Login Attempt
{
  "service": "auth",
  "userId": 1,
  "email": "admin@gym.com",
  "ip": "::ffff:192.168.65.1",
  "success": true
}
2026-08-15 03:45:22 [INFO]: Login Attempt
{
  "service": "auth",
  "userId": 1,
  "email": "admin@gym.com",
  "ip": "::ffff:192.168.65.1",
  "success": true
}
2026-08-15 03:45:39 [INFO]: Login Attempt
{
  "service": "auth",
  "userId": 1,
  "email": "admin@gym.com",
  "ip": "::ffff:192.168.65.1",
  "success": true
}
2026-08-15 03:45:39 [INFO]: Login Attempt
{
  "service": "auth",
  "userId": 1,
  "email": "admin@gym.com",
  "ip": "::ffff:192.168.65.1",
  "success": true
}
2026-08-15 03:45:39 [INFO]: Login Attempt
{
  "service": "auth",
  "userId": 1,
  "email": "admin@gym.com",
  "ip": "::ffff:192.168.65.1",
  "success": true
}
2026-08-15 03:45:39 [INFO]: Login Attempt
{
  "service": "auth",
  "userId": 1,
  "email": "admin@gym.com",
  "ip": "::ffff:192.168.65.1",
  "success": true
}
2026-08-15 03:45:48 [INFO]: Login Attempt
{
  "service": "auth",
  "userId": 1,
  "email": "admin@gym.com",
  "ip": "::ffff:192.168.65.1",
  "success": true
}
2026-08-15 03:45:48 [INFO]: Login Attempt
{
  "service": "auth",
  "userId": 1,
  "email": "admin@gym.com",
  "ip": "::ffff:192.168.65.1",
  "success": true
}
2026-08-15 03:45:52 [INFO]: Login Attempt
{
  "service": "auth",
  "userId": 1,
  "email": "admin@gym.com",
  "ip": "::ffff:192.168.65.1",
  "success": true
}
2026-08-15 03:46:24 [INFO]: Login Attempt
{
  "service": "auth",
  "userId": 1,
  "email": "admin@gym.com",
  "ip": "::ffff:192.168.65.1",
  "success": true
}
2026-08-15 03:46:25 [INFO]: Login Attempt
{
  "service": "auth",
  "userId": 1,
  "email": "admin@gym.com",
  "ip": "::ffff:192.168.65.1",
  "success": true
}
2026-08-15 03:46:25 [INFO]: Login Attempt
{
  "service": "auth",
  "userId": 1,
  "email": "admin@gym.com",
  "ip": "::ffff:192.168.65.1",
  "success": true
}
2026-08-15 03:46:25 [INFO]: Login Attempt
{
  "service": "auth",
  "userId": 1,
  "email": "admin@gym.com",
  "ip": "::ffff:192.168.65.1",
  "success": true
}
2026-08-15 03:46:26 [INFO]: Login Attempt
{
  "service": "auth",
  "userId": 1,
  "email": "admin@gym.com",
  "ip": "::ffff:192.168.65.1",
  "success": true
}
2026-08-15 03:46:26 [INFO]: Login Attempt
{
  "service": "auth",
  "userId": 1,
  "email": "admin@gym.com",
  "ip": "::ffff:192.168.65.1",
  "success": true
}
2026-08-15 03:46:26 [INFO]: Login Attempt
{
  "service": "auth",
  "userId": 1,
  "email": "admin@gym.com",
  "ip": "::ffff:192.168.65.1",
  "success": true
}
2026-08-15 03:46:26 [INFO]: Login Attempt
{
  "service": "auth",
  "userId": 1,
  "email": "admin@gym.com",
  "ip": "::ffff:192.168.65.1",
  "success": true
}
2026-08-15 03:46:35 [INFO]: Login Attempt
{
  "service": "auth",
  "userId": 1,
  "email": "admin@gym.com",
  "ip": "::ffff:192.168.65.1",
  "success": true
}
2026-08-15 03:46:35 [INFO]: Login Attempt
{
  "service": "auth",
  "userId": 1,
  "email": "admin@gym.com",
  "ip": "::ffff:192.168.65.1",
  "success": true
}
2026-08-15 03:46:35 [INFO]: Login Attempt
{
  "service": "auth",
  "userId": 1,
  "email": "admin@gym.com",
  "ip": "::ffff:192.168.65.1",
  "success": true
}
2026-08-15 03:46:35 [INFO]: Login Attempt
{
  "service": "auth",
  "userId": 1,
  "email": "admin@gym.com",
  "ip": "::ffff:192.168.65.1",
  "success": true
}
2026-08-15 03:46:42 [INFO]: Login Attempt
{
  "service": "auth",
  "userId": 1,
  "email": "admin@gym.com",
  "ip": "::ffff:192.168.65.1",
  "success": true
}
2026-08-15 03:46:42 [INFO]: Login Attempt
{
  "service": "auth",
  "userId": 1,
  "email": "admin@gym.com",
  "ip": "::ffff:192.168.65.1",
  "success": true
}
2026-08-15 03:46:42 [INFO]: Login Attempt
{
  "service": "auth",
  "userId": 1,
  "email": "admin@gym.com",
  "ip": "::ffff:192.168.65.1",
  "success": true
}
2026-08-15 03:46:42 [INFO]: Login Attempt
{
  "service": "auth",
  "userId": 1,
  "email": "admin@gym.com",
  "ip": "::ffff:192.168.65.1",
  "success": true
}
2026-08-15 03:47:39 [INFO]: Login Attempt
{
  "service": "auth",
  "userId": 1,
  "email": "admin@gym.com",
  "ip": "::ffff:192.168.65.1",
  "success": true
}
2026-08-15 03:47:39 [INFO]: Login Attempt
{
  "service": "auth",
  "userId": 1,
  "email": "admin@gym.com",
  "ip": "::ffff:192.168.65.1",
  "success": true
}
2026-08-15 03:47:39 [ERROR]: Database Error: Database operation failed
Error
    at Query.run (/app/node_modules/sequelize/src/dialects/mysql/query.js:46:25)
    at /app/node_modules/sequelize/src/sequelize.js:650:28
    at processTicksAndRejections (node:internal/process/task_queues:95:5)
    at async MySQLQueryInterface.select (/app/node_modules/sequelize/src/dialects/abstract/query-interface.js:1001:12)
    at async Function.findAll (/app/node_modules/sequelize/src/model.js:1824:21)
    at async Promise.all (index 1)
    at async Function.findAndCountAll (/app/node_modules/sequelize/src/model.js:2183:27)
    at async /app/src/routes/user.routes.ts:60:34
{
  "service": "database",
  "error": "Unknown column 'User.createdAt' in 'order clause'",
  "url": "/api/users?page=1&limit=10&search=&status=&role=",
  "method": "GET",
  "ip": "::ffff:192.168.65.1",
  "userAgent": "Mozilla/5.0 (Macintosh; Intel Mac OS X 10_15_7) AppleWebKit/537.36 (KHTML, like Gecko) Chrome/151.0.0.0 Safari/537.36",
  "userId": 1,
  "body": {},
  "params": {},
  "query": {
    "page": "1",
    "limit": "10",
    "search": "",
    "status": "",
    "role": ""
  }
}
2026-08-15 03:47:39 [INFO]: Login Attempt
{
  "service": "auth",
  "userId": 1,
  "email": "admin@gym.com",
  "ip": "::ffff:192.168.65.1",
  "success": true
}
2026-08-15 03:47:39 [ERROR]: Database Error: Database operation failed
Error
    at Query.run (/app/node_modules/sequelize/src/dialects/mysql/query.js:46:25)
    at /app/node_modules/sequelize/src/sequelize.js:650:28
    at processTicksAndRejections (node:internal/process/task_queues:95:5)
    at async MySQLQueryInterface.select (/app/node_modules/sequelize/src/dialects/abstract/query-interface.js:1001:12)
    at async Function.findAll (/app/node_modules/sequelize/src/model.js:1824:21)
    at async Promise.all (index 1)
    at async Function.findAndCountAll (/app/node_modules/sequelize/src/model.js:2183:27)
    at async /app/src/routes/user.routes.ts:60:34
{
  "service": "database",
  "error": "Unknown column 'User.createdAt' in 'order clause'",
  "url": "/api/users?page=1&limit=10&search=&status=&role=",
  "method": "GET",
  "ip": "::ffff:192.168.65.1",
  "userAgent": "Mozilla/5.0 (Macintosh; Intel Mac OS X 10_15_7) AppleWebKit/537.36 (KHTML, like Gecko) Chrome/151.0.0.0 Safari/537.36",
  "userId": 1,
  "body": {},
  "params": {},
  "query": {
    "page": "1",
    "limit": "10",
    "search": "",
    "status": "",
    "role": ""
  }
}
2026-08-15 03:47:39 [INFO]: Login Attempt
{
  "service": "auth",
  "userId": 1,
  "email": "admin@gym.com",
  "ip": "::ffff:192.168.65.1",
  "success": true
}
2026-08-15 03:47:41 [INFO]: Login Attempt
{
  "service": "auth",
  "userId": 1,
  "email": "admin@gym.com",
  "ip": "::ffff:192.168.65.1",
  "success": true
}
2026-08-15 03:47:41 [INFO]: Login Attempt
{
  "service": "auth",
  "userId": 1,
  "email": "admin@gym.com",
  "ip": "::ffff:192.168.65.1",
  "success": true
}
2026-08-15 03:49:04 [INFO]: Login Attempt
{
  "service": "auth",
  "userId": 1,
  "email": "admin@gym.com",
  "ip": "::ffff:192.168.65.1",
  "success": true
}
2026-08-15 03:49:04 [INFO]: Login Attempt
{
  "service": "auth",
  "userId": 1,
  "email": "admin@gym.com",
  "ip": "::ffff:192.168.65.1",
  "success": true
}
2026-08-15 03:49:04 [INFO]: Login Attempt
{
  "service": "auth",
  "userId": 1,
  "email": "admin@gym.com",
  "ip": "::ffff:192.168.65.1",
  "success": true
}
2026-08-15 03:49:04 [INFO]: Login Attempt
{
  "service": "auth",
  "userId": 1,
  "email": "admin@gym.com",
  "ip": "::ffff:192.168.65.1",
  "success": true
}
2026-08-15 03:49:08 [INFO]: Login Attempt
{
  "service": "auth",
  "userId": 1,
  "email": "admin@gym.com",
  "ip": "::ffff:192.168.65.1",
  "success": true
}
2026-08-15 03:49:08 [INFO]: Login Attempt
{
  "service": "auth",
  "userId": 1,
  "email": "admin@gym.com",
  "ip": "::ffff:192.168.65.1",
  "success": true
}
2026-08-15 03:49:08 [INFO]: Login Attempt
{
  "service": "auth",
  "userId": 1,
  "email": "admin@gym.com",
  "ip": "::ffff:192.168.65.1",
  "success": true
}
2026-08-15 03:49:08 [INFO]: Login Attempt
{
  "service": "auth",
  "userId": 1,
  "email": "admin@gym.com",
  "ip": "::ffff:192.168.65.1",
  "success": true
}
2026-08-15 03:50:12 [INFO]: Login Attempt
{
  "service": "auth",
  "userId": 1,
  "email": "admin@gym.com",
  "ip": "::ffff:192.168.65.1",
  "success": true
}
2026-08-15 03:50:12 [INFO]: User Logout
{
  "service": "auth",
  "userId": 1,
  "email": "admin@gym.com"
}
2026-08-15 03:50:21 [INFO]: Login Attempt
{
  "service": "auth",
  "userId": 3,
  "email": "trainer@gym.com",
  "ip": "",
  "success": true
}
2026-08-15 03:50:21 [INFO]: Login Attempt
{
  "service": "auth",
  "userId": 3,
  "email": "trainer@gym.com",
  "ip": "::ffff:192.168.65.1",
  "success": true
}
2026-08-15 03:50:21 [INFO]: Login Attempt
{
  "service": "auth",
  "userId": 3,
  "email": "trainer@gym.com",
  "ip": "::ffff:192.168.65.1",
  "success": true
}
2026-08-15 03:50:21 [INFO]: Login Attempt
{
  "service": "auth",
  "userId": 3,
  "email": "trainer@gym.com",
  "ip": "::ffff:192.168.65.1",
  "success": true
}
2026-08-15 03:50:21 [INFO]: Login Attempt
{
  "service": "auth",
  "userId": 3,
  "email": "trainer@gym.com",
  "ip": "::ffff:192.168.65.1",
  "success": true
}
2026-08-15 03:50:21 [INFO]: Login Attempt
{
  "service": "auth",
  "userId": 3,
  "email": "trainer@gym.com",
  "ip": "::ffff:192.168.65.1",
  "success": true
}
2026-08-15 03:50:24 [INFO]: Login Attempt
{
  "service": "auth",
  "userId": 3,
  "email": "trainer@gym.com",
  "ip": "::ffff:192.168.65.1",
  "success": true
}
2026-08-15 03:50:24 [INFO]: Login Attempt
{
  "service": "auth",
  "userId": 3,
  "email": "trainer@gym.com",
  "ip": "::ffff:192.168.65.1",
  "success": true
}
2026-08-15 03:50:24 [INFO]: Login Attempt
{
  "service": "auth",
  "userId": 3,
  "email": "trainer@gym.com",
  "ip": "::ffff:192.168.65.1",
  "success": true
}
2026-08-15 03:50:24 [INFO]: Login Attempt
{
  "service": "auth",
  "userId": 3,
  "email": "trainer@gym.com",
  "ip": "::ffff:192.168.65.1",
  "success": true
}
2026-08-15 03:50:34 [INFO]: Login Attempt
{
  "service": "auth",
  "userId": 3,
  "email": "trainer@gym.com",
  "ip": "::ffff:192.168.65.1",
  "success": true
}
2026-08-15 03:50:34 [INFO]: Login Attempt
{
  "service": "auth",
  "userId": 3,
  "email": "trainer@gym.com",
  "ip": "::ffff:192.168.65.1",
  "success": true
}
2026-08-15 03:50:34 [INFO]: Login Attempt
{
  "service": "auth",
  "userId": 3,
  "email": "trainer@gym.com",
  "ip": "::ffff:192.168.65.1",
  "success": true
}
2026-08-15 03:50:34 [INFO]: Login Attempt
{
  "service": "auth",
  "userId": 3,
  "email": "trainer@gym.com",
  "ip": "::ffff:192.168.65.1",
  "success": true
}
2026-08-15 03:50:44 [INFO]: Login Attempt
{
  "service": "auth",
  "userId": 3,
  "email": "trainer@gym.com",
  "ip": "::ffff:192.168.65.1",
  "success": true
}
2026-08-15 03:50:44 [INFO]: Login Attempt
{
  "service": "auth",
  "userId": 3,
  "email": "trainer@gym.com",
  "ip": "::ffff:192.168.65.1",
  "success": true
}
2026-08-15 03:50:50 [INFO]: Login Attempt
{
  "service": "auth",
  "userId": 3,
  "email": "trainer@gym.com",
  "ip": "::ffff:192.168.65.1",
  "success": true
}
2026-08-15 03:50:50 [INFO]: Login Attempt
{
  "service": "auth",
  "userId": 3,
  "email": "trainer@gym.com",
  "ip": "::ffff:192.168.65.1",
  "success": true
}
2026-08-15 03:50:50 [INFO]: Login Attempt
{
  "service": "auth",
  "userId": 3,
  "email": "trainer@gym.com",
  "ip": "::ffff:192.168.65.1",
  "success": true
}
2026-08-15 03:50:50 [INFO]: Login Attempt
{
  "service": "auth",
  "userId": 3,
  "email": "trainer@gym.com",
  "ip": "::ffff:192.168.65.1",
  "success": true
}
2026-08-15 03:50:53 [INFO]: Login Attempt
{
  "service": "auth",
  "userId": 3,
  "email": "trainer@gym.com",
  "ip": "::ffff:192.168.65.1",
  "success": true
}
2026-08-15 03:51:13 [INFO]: Login Attempt
{
  "service": "auth",
  "userId": 3,
  "email": "trainer@gym.com",
  "ip": "::ffff:192.168.65.1",
  "success": true
}
2026-08-15 03:51:13 [INFO]: Login Attempt
{
  "service": "auth",
  "userId": 3,
  "email": "trainer@gym.com",
  "ip": "::ffff:192.168.65.1",
  "success": true
}
2026-08-15 03:51:13 [INFO]: Login Attempt
{
  "service": "auth",
  "userId": 3,
  "email": "trainer@gym.com",
  "ip": "::ffff:192.168.65.1",
  "success": true
}
2026-08-15 03:51:13 [INFO]: Login Attempt
{
  "service": "auth",
  "userId": 3,
  "email": "trainer@gym.com",
  "ip": "::ffff:192.168.65.1",
  "success": true
}
2026-08-15 03:53:41 [INFO]: Login Attempt
{
  "service": "auth",
  "userId": 3,
  "email": "trainer@gym.com",
  "ip": "::ffff:192.168.65.1",
  "success": true
}
2026-08-15 03:53:41 [INFO]: Login Attempt
{
  "service": "auth",
  "userId": 3,
  "email": "trainer@gym.com",
  "ip": "::ffff:192.168.65.1",
  "success": true
}
2026-08-15 03:53:41 [INFO]: Login Attempt
{
  "service": "auth",
  "userId": 3,
  "email": "trainer@gym.com",
  "ip": "::ffff:192.168.65.1",
  "success": true
}
2026-08-15 03:53:41 [INFO]: Login Attempt
{
  "service": "auth",
  "userId": 3,
  "email": "trainer@gym.com",
  "ip": "::ffff:192.168.65.1",
  "success": true
}
2026-08-15 03:53:45 [INFO]: Login Attempt
{
  "service": "auth",
  "userId": 3,
  "email": "trainer@gym.com",
  "ip": "::ffff:192.168.65.1",
  "success": true
}
2026-08-15 03:53:45 [INFO]: Login Attempt
{
  "service": "auth",
  "userId": 3,
  "email": "trainer@gym.com",
  "ip": "::ffff:192.168.65.1",
  "success": true
}
2026-08-15 03:53:53 [INFO]: Login Attempt
{
  "service": "auth",
  "userId": 3,
  "email": "trainer@gym.com",
  "ip": "::ffff:192.168.65.1",
  "success": true
}
2026-08-15 03:54:07 [INFO]: Login Attempt
{
  "service": "auth",
  "userId": 3,
  "email": "trainer@gym.com",
  "ip": "::ffff:192.168.65.1",
  "success": true
}
2026-08-15 03:54:07 [INFO]: Login Attempt
{
  "service": "auth",
  "userId": 3,
  "email": "trainer@gym.com",
  "ip": "::ffff:192.168.65.1",
  "success": true
}
2026-08-15 03:54:50 [INFO]: Login Attempt
{
  "service": "auth",
  "userId": 3,
  "email": "trainer@gym.com",
  "ip": "::ffff:192.168.65.1",
  "success": true
}
2026-08-15 03:54:50 [INFO]: Login Attempt
{
  "service": "auth",
  "userId": 3,
  "email": "trainer@gym.com",
  "ip": "::ffff:192.168.65.1",
  "success": true
}
2026-08-15 03:54:50 [INFO]: Login Attempt
{
  "service": "auth",
  "userId": 3,
  "email": "trainer@gym.com",
  "ip": "::ffff:192.168.65.1",
  "success": true
}
2026-08-15 03:54:50 [INFO]: Login Attempt
{
  "service": "auth",
  "userId": 3,
  "email": "trainer@gym.com",
  "ip": "::ffff:192.168.65.1",
  "success": true
}
2026-08-15 03:54:55 [INFO]: Login Attempt
{
  "service": "auth",
  "userId": 3,
  "email": "trainer@gym.com",
  "ip": "::ffff:192.168.65.1",
  "success": true
}
2026-08-15 03:54:55 [INFO]: Login Attempt
{
  "service": "auth",
  "userId": 3,
  "email": "trainer@gym.com",
  "ip": "::ffff:192.168.65.1",
  "success": true
}
2026-08-15 03:54:55 [INFO]: Login Attempt
{
  "service": "auth",
  "userId": 3,
  "email": "trainer@gym.com",
  "ip": "::ffff:192.168.65.1",
  "success": true
}
2026-08-15 03:54:55 [INFO]: Login Attempt
{
  "service": "auth",
  "userId": 3,
  "email": "trainer@gym.com",
  "ip": "::ffff:192.168.65.1",
  "success": true
}
2026-08-15 03:54:57 [INFO]: Login Attempt
{
  "service": "auth",
  "userId": 3,
  "email": "trainer@gym.com",
  "ip": "::ffff:192.168.65.1",
  "success": true
}
2026-08-15 03:54:57 [INFO]: Login Attempt
{
  "service": "auth",
  "userId": 3,
  "email": "trainer@gym.com",
  "ip": "::ffff:192.168.65.1",
  "success": true
}
2026-08-15 03:54:57 [INFO]: Login Attempt
{
  "service": "auth",
  "userId": 3,
  "email": "trainer@gym.com",
  "ip": "::ffff:192.168.65.1",
  "success": true
}
2026-08-15 03:54:57 [INFO]: Login Attempt
{
  "service": "auth",
  "userId": 3,
  "email": "trainer@gym.com",
  "ip": "::ffff:192.168.65.1",
  "success": true
}
2026-08-15 03:54:58 [INFO]: Login Attempt
{
  "service": "auth",
  "userId": 3,
  "email": "trainer@gym.com",
  "ip": "::ffff:192.168.65.1",
  "success": true
}
2026-08-15 03:54:58 [INFO]: Login Attempt
{
  "service": "auth",
  "userId": 3,
  "email": "trainer@gym.com",
  "ip": "::ffff:192.168.65.1",
  "success": true
}
2026-08-15 03:54:58 [INFO]: Login Attempt
{
  "service": "auth",
  "userId": 3,
  "email": "trainer@gym.com",
  "ip": "::ffff:192.168.65.1",
  "success": true
}
2026-08-15 03:54:58 [INFO]: Login Attempt
{
  "service": "auth",
  "userId": 3,
  "email": "trainer@gym.com",
  "ip": "::ffff:192.168.65.1",
  "success": true
}
2026-08-15 03:55:01 [INFO]: Login Attempt
{
  "service": "auth",
  "userId": 3,
  "email": "trainer@gym.com",
  "ip": "::ffff:192.168.65.1",
  "success": true
}
2026-08-15 03:55:01 [INFO]: Login Attempt
{
  "service": "auth",
  "userId": 3,
  "email": "trainer@gym.com",
  "ip": "::ffff:192.168.65.1",
  "success": true
}
2026-08-15 03:55:01 [INFO]: Login Attempt
{
  "service": "auth",
  "userId": 3,
  "email": "trainer@gym.com",
  "ip": "::ffff:192.168.65.1",
  "success": true
}
2026-08-15 03:55:01 [INFO]: Login Attempt
{
  "service": "auth",
  "userId": 3,
  "email": "trainer@gym.com",
  "ip": "::ffff:192.168.65.1",
  "success": true
}
2026-08-15 04:00:32 [INFO]: Login Attempt
{
  "service": "auth",
  "userId": 3,
  "email": "trainer@gym.com",
  "ip": "::ffff:192.168.65.1",
  "success": true
}
2026-08-15 04:00:32 [INFO]: Login Attempt
{
  "service": "auth",
  "userId": 3,
  "email": "trainer@gym.com",
  "ip": "::ffff:192.168.65.1",
  "success": true
}
2026-08-15 04:00:32 [INFO]: Login Attempt
{
  "service": "auth",
  "userId": 3,
  "email": "trainer@gym.com",
  "ip": "::ffff:192.168.65.1",
  "success": true
}
2026-08-15 04:00:32 [INFO]: Login Attempt
{
  "service": "auth",
  "userId": 3,
  "email": "trainer@gym.com",
  "ip": "::ffff:192.168.65.1",
  "success": true
}
2026-08-15 04:05:10 [INFO]: Login Attempt
{
  "service": "auth",
  "userId": 3,
  "email": "trainer@gym.com",
  "ip": "::ffff:192.168.65.1",
  "success": true
}
2026-08-15 04:05:10 [INFO]: Login Attempt
{
  "service": "auth",
  "userId": 3,
  "email": "trainer@gym.com",
  "ip": "::ffff:192.168.65.1",
  "success": true
}
2026-08-15 04:05:13 [INFO]: Login Attempt
{
  "service": "auth",
  "userId": 5,
  "email": "member@gym.com",
  "ip": "",
  "success": true
}
2026-08-15 04:05:13 [INFO]: Login Attempt
{
  "service": "auth",
  "userId": 5,
  "email": "member@gym.com",
  "ip": "::ffff:192.168.65.1",
  "success": true
}
2026-08-15 04:05:13 [INFO]: Login Attempt
{
  "service": "auth",
  "userId": 5,
  "email": "member@gym.com",
  "ip": "::ffff:192.168.65.1",
  "success": true
}
2026-08-15 04:05:13 [INFO]: Login Attempt
{
  "service": "auth",
  "userId": 5,
  "email": "member@gym.com",
  "ip": "::ffff:192.168.65.1",
  "success": true
}
2026-08-15 04:05:14 [INFO]: Login Attempt
{
  "service": "auth",
  "userId": 5,
  "email": "member@gym.com",
  "ip": "::ffff:192.168.65.1",
  "success": true
}
2026-08-15 04:05:14 [INFO]: Login Attempt
{
  "service": "auth",
  "userId": 5,
  "email": "member@gym.com",
  "ip": "::ffff:192.168.65.1",
  "success": true
}
2026-08-15 04:05:14 [WARN]: 404 Not Found
{
  "path": "/api/progress/exercises?limit=100",
  "method": "GET",
  "ip": "::ffff:192.168.65.1",
  "userAgent": "Mozilla/5.0 (Macintosh; Intel Mac OS X 10_15_7) AppleWebKit/537.36 (KHTML, like Gecko) Chrome/151.0.0.0 Safari/537.36",
  "referer": "http://localhost:3000/"
}
2026-08-15 04:05:14 [INFO]: Login Attempt
{
  "service": "auth",
  "userId": 5,
  "email": "member@gym.com",
  "ip": "::ffff:192.168.65.1",
  "success": true
}
2026-08-15 04:05:14 [WARN]: 404 Not Found
{
  "path": "/api/progress/exercises?limit=100",
  "method": "GET",
  "ip": "::ffff:192.168.65.1",
  "userAgent": "Mozilla/5.0 (Macintosh; Intel Mac OS X 10_15_7) AppleWebKit/537.36 (KHTML, like Gecko) Chrome/151.0.0.0 Safari/537.36",
  "referer": "http://localhost:3000/"
}
2026-08-15 04:05:14 [INFO]: Login Attempt
{
  "service": "auth",
  "userId": 5,
  "email": "member@gym.com",
  "ip": "::ffff:192.168.65.1",
  "success": true
}
2026-08-15 04:05:15 [INFO]: Login Attempt
{
  "service": "auth",
  "userId": 5,
  "email": "member@gym.com",
  "ip": "::ffff:192.168.65.1",
  "success": true
}
2026-08-15 04:05:15 [INFO]: Login Attempt
{
  "service": "auth",
  "userId": 5,
  "email": "member@gym.com",
  "ip": "::ffff:192.168.65.1",
  "success": true
}
2026-08-15 04:05:18 [INFO]: Login Attempt
{
  "service": "auth",
  "userId": 5,
  "email": "member@gym.com",
  "ip": "::ffff:192.168.65.1",
  "success": true
}
2026-08-15 04:05:18 [INFO]: Login Attempt
{
  "service": "auth",
  "userId": 5,
  "email": "member@gym.com",
  "ip": "::ffff:192.168.65.1",
  "success": true
}
2026-08-15 04:05:19 [INFO]: Login Attempt
{
  "service": "auth",
  "userId": 5,
  "email": "member@gym.com",
  "ip": "::ffff:192.168.65.1",
  "success": true
}
2026-08-15 04:05:22 [INFO]: Login Attempt
{
  "service": "auth",
  "userId": 5,
  "email": "member@gym.com",
  "ip": "::ffff:192.168.65.1",
  "success": true
}
2026-08-15 04:05:34 [INFO]: Login Attempt
{
  "service": "auth",
  "userId": 5,
  "email": "member@gym.com",
  "ip": "::ffff:192.168.65.1",
  "success": true
}
2026-08-15 04:05:34 [INFO]: User Logout
{
  "service": "auth",
  "userId": 5,
  "email": "member@gym.com"
}
2026-08-15 04:05:37 [INFO]: Login Attempt
{
  "service": "auth",
  "userId": 3,
  "email": "trainer@gym.com",
  "ip": "",
  "success": true
}
2026-08-15 04:05:37 [INFO]: Login Attempt
{
  "service": "auth",
  "userId": 3,
  "email": "trainer@gym.com",
  "ip": "::ffff:192.168.65.1",
  "success": true
}
2026-08-15 04:05:37 [INFO]: Login Attempt
{
  "service": "auth",
  "userId": 3,
  "email": "trainer@gym.com",
  "ip": "::ffff:192.168.65.1",
  "success": true
}
2026-08-15 04:05:37 [INFO]: Login Attempt
{
  "service": "auth",
  "userId": 3,
  "email": "trainer@gym.com",
  "ip": "::ffff:192.168.65.1",
  "success": true
}
2026-08-15 04:05:37 [INFO]: Login Attempt
{
  "service": "auth",
  "userId": 3,
  "email": "trainer@gym.com",
  "ip": "::ffff:192.168.65.1",
  "success": true
}
2026-08-15 04:05:37 [INFO]: Login Attempt
{
  "service": "auth",
  "userId": 3,
  "email": "trainer@gym.com",
  "ip": "::ffff:192.168.65.1",
  "success": true
}
2026-08-15 04:05:40 [INFO]: Login Attempt
{
  "service": "auth",
  "userId": 3,
  "email": "trainer@gym.com",
  "ip": "::ffff:192.168.65.1",
  "success": true
}
2026-08-15 04:05:40 [INFO]: Login Attempt
{
  "service": "auth",
  "userId": 3,
  "email": "trainer@gym.com",
  "ip": "::ffff:192.168.65.1",
  "success": true
}
2026-08-15 04:05:40 [INFO]: Login Attempt
{
  "service": "auth",
  "userId": 3,
  "email": "trainer@gym.com",
  "ip": "::ffff:192.168.65.1",
  "success": true
}
2026-08-15 04:05:40 [INFO]: Login Attempt
{
  "service": "auth",
  "userId": 3,
  "email": "trainer@gym.com",
  "ip": "::ffff:192.168.65.1",
  "success": true
}
2026-08-15 04:05:53 [INFO]: Login Attempt
{
  "service": "auth",
  "userId": 3,
  "email": "trainer@gym.com",
  "ip": "::ffff:192.168.65.1",
  "success": true
}
2026-08-15 04:05:53 [INFO]: Login Attempt
{
  "service": "auth",
  "userId": 3,
  "email": "trainer@gym.com",
  "ip": "::ffff:192.168.65.1",
  "success": true
}
2026-08-15 04:05:53 [INFO]: Login Attempt
{
  "service": "auth",
  "userId": 3,
  "email": "trainer@gym.com",
  "ip": "::ffff:192.168.65.1",
  "success": true
}
2026-08-15 04:05:53 [INFO]: Login Attempt
{
  "service": "auth",
  "userId": 3,
  "email": "trainer@gym.com",
  "ip": "::ffff:192.168.65.1",
  "success": true
}
2026-08-15 04:05:54 [INFO]: Login Attempt
{
  "service": "auth",
  "userId": 3,
  "email": "trainer@gym.com",
  "ip": "::ffff:192.168.65.1",
  "success": true
}
2026-08-15 04:05:54 [INFO]: Login Attempt
{
  "service": "auth",
  "userId": 3,
  "email": "trainer@gym.com",
  "ip": "::ffff:192.168.65.1",
  "success": true
}
2026-08-15 04:05:54 [INFO]: Login Attempt
{
  "service": "auth",
  "userId": 3,
  "email": "trainer@gym.com",
  "ip": "::ffff:192.168.65.1",
  "success": true
}
2026-08-15 04:05:54 [INFO]: Login Attempt
{
  "service": "auth",
  "userId": 3,
  "email": "trainer@gym.com",
  "ip": "::ffff:192.168.65.1",
  "success": true
}
2026-08-15 04:06:40 [INFO]: Login Attempt
{
  "service": "auth",
  "userId": 3,
  "email": "trainer@gym.com",
  "ip": "::ffff:192.168.65.1",
  "success": true
}
2026-08-15 04:06:40 [INFO]: Login Attempt
{
  "service": "auth",
  "userId": 3,
  "email": "trainer@gym.com",
  "ip": "::ffff:192.168.65.1",
  "success": true
}
2026-08-15 04:06:40 [INFO]: Login Attempt
{
  "service": "auth",
  "userId": 3,
  "email": "trainer@gym.com",
  "ip": "::ffff:192.168.65.1",
  "success": true
}
2026-08-15 04:06:40 [INFO]: Login Attempt
{
  "service": "auth",
  "userId": 3,
  "email": "trainer@gym.com",
  "ip": "::ffff:192.168.65.1",
  "success": true
}
2026-08-15 05:53:14 [INFO]: Database connection established successfully (development)
2026-08-15 05:53:14 [INFO]: Database ready for use (using migrations)
2026-08-15 05:53:14 [INFO]: Database connected successfully
2026-08-15 05:53:14 [INFO]: Session store configured (memory store)
2026-08-15 05:53:14 [INFO]: Redis session store configured
2026-08-15 05:53:14 [INFO]: 🚀 Server running on port 5000 in development mode
2026-08-15 05:53:14 [INFO]: 📊 API Health: http://localhost:5000/api/health
2026-08-15 05:53:14 [INFO]: 📖 API Docs: http://localhost:5000/api/docs
2026-08-15 05:54:37 [INFO]: SIGTERM received, shutting down gracefully
2026-08-15 05:55:18 [ERROR]: Unable to connect to the database: connect ECONNREFUSED 172.19.0.4:3306
SequelizeConnectionRefusedError: connect ECONNREFUSED 172.19.0.4:3306
    at ConnectionManager.connect (/app/node_modules/sequelize/src/dialects/mysql/connection-manager.js:116:17)
    at processTicksAndRejections (node:internal/process/task_queues:95:5)
    at async ConnectionManager._connect (/app/node_modules/sequelize/src/dialects/abstract/connection-manager.js:332:24)
    at async /app/node_modules/sequelize/src/dialects/abstract/connection-manager.js:250:32
    at async ConnectionManager.getConnection (/app/node_modules/sequelize/src/dialects/abstract/connection-manager.js:280:7)
    at async /app/node_modules/sequelize/src/sequelize.js:638:26
    at async Sequelize.authenticate (/app/node_modules/sequelize/src/sequelize.js:972:5)
    at async connectDatabase (/app/src/config/database.config.ts:93:5)
    at async startServer (/app/src/index.ts:153:5)
{
  "name": "SequelizeConnectionRefusedError",
  "parent": {
    "errno": -111,
    "code": "ECONNREFUSED",
    "syscall": "connect",
    "address": "172.19.0.4",
    "port": 3306,
    "fatal": true
  },
  "original": {
    "errno": -111,
    "code": "ECONNREFUSED",
    "syscall": "connect",
    "address": "172.19.0.4",
    "port": 3306,
    "fatal": true
  }
}
2026-08-15 05:55:38 [INFO]: Database connection established successfully (development)
2026-08-15 05:55:38 [INFO]: Database ready for use (using migrations)
2026-08-15 05:55:38 [INFO]: Database connected successfully
2026-08-15 05:55:38 [INFO]: Session store configured (memory store)
2026-08-15 05:55:38 [INFO]: Redis session store configured
2026-08-15 05:55:38 [INFO]: 🚀 Server running on port 5000 in development mode
2026-08-15 05:55:38 [INFO]: 📊 API Health: http://localhost:5000/api/health
2026-08-15 05:55:38 [INFO]: 📖 API Docs: http://localhost:5000/api/docs
2026-08-15 05:55:53 [ERROR]: Unexpected Error
Error: Not allowed by CORS
    at origin (/app/src/index.ts:56:16)
    at /app/node_modules/cors/lib/index.js:219:13
    at optionsCallback (/app/node_modules/cors/lib/index.js:199:9)
    at corsMiddleware (/app/node_modules/cors/lib/index.js:204:7)
    at Layer.handle [as handle_request] (/app/node_modules/express/lib/router/layer.js:95:5)
    at trim_prefix (/app/node_modules/express/lib/router/index.js:328:13)
    at /app/node_modules/express/lib/router/index.js:286:9
    at Function.process_params (/app/node_modules/express/lib/router/index.js:346:12)
    at next (/app/node_modules/express/lib/router/index.js:280:10)
    at internalNext (/app/node_modules/helmet/index.cjs:537:6)
{
  "service": "app",
  "error": "Not allowed by CORS",
  "url": "/api/auth/login",
  "method": "OPTIONS",
  "ip": "::ffff:172.19.0.1",
  "userAgent": "Mozilla/5.0 (Macintosh; Intel Mac OS X 10_15_7) AppleWebKit/605.1.15 (KHTML, like Gecko) Version/18.6 Safari/605.1.15",
  "params": {},
  "query": {}
}
2026-08-15 05:55:54 [ERROR]: Unexpected Error
Error: Not allowed by CORS
    at origin (/app/src/index.ts:56:16)
    at /app/node_modules/cors/lib/index.js:219:13
    at optionsCallback (/app/node_modules/cors/lib/index.js:199:9)
    at corsMiddleware (/app/node_modules/cors/lib/index.js:204:7)
    at Layer.handle [as handle_request] (/app/node_modules/express/lib/router/layer.js:95:5)
    at trim_prefix (/app/node_modules/express/lib/router/index.js:328:13)
    at /app/node_modules/express/lib/router/index.js:286:9
    at Function.process_params (/app/node_modules/express/lib/router/index.js:346:12)
    at next (/app/node_modules/express/lib/router/index.js:280:10)
    at internalNext (/app/node_modules/helmet/index.cjs:537:6)
{
  "service": "app",
  "error": "Not allowed by CORS",
  "url": "/api/auth/login",
  "method": "OPTIONS",
  "ip": "::ffff:172.19.0.1",
  "userAgent": "Mozilla/5.0 (Macintosh; Intel Mac OS X 10_15_7) AppleWebKit/605.1.15 (KHTML, like Gecko) Version/18.6 Safari/605.1.15",
  "params": {},
  "query": {}
}
2026-08-15 05:56:49 [INFO]: Database connection established successfully (development)
2026-08-15 05:56:49 [INFO]: Database ready for use (using migrations)
2026-08-15 05:56:49 [INFO]: Database connected successfully
2026-08-15 05:56:49 [INFO]: Session store configured (memory store)
2026-08-15 05:56:49 [INFO]: Redis session store configured
2026-08-15 05:56:49 [INFO]: 🚀 Server running on port 5000 in development mode
2026-08-15 05:56:49 [INFO]: 📊 API Health: http://localhost:5000/api/health
2026-08-15 05:56:49 [INFO]: 📖 API Docs: http://localhost:5000/api/docs
2026-08-15 05:56:52 [INFO]: Database connection established successfully (development)
2026-08-15 05:56:52 [INFO]: Database ready for use (using migrations)
2026-08-15 05:56:52 [INFO]: Database connected successfully
2026-08-15 05:56:52 [INFO]: Session store configured (memory store)
2026-08-15 05:56:52 [INFO]: Redis session store configured
2026-08-15 05:56:52 [INFO]: 🚀 Server running on port 5000 in development mode
2026-08-15 05:56:52 [INFO]: 📊 API Health: http://localhost:5000/api/health
2026-08-15 05:56:52 [INFO]: 📖 API Docs: http://localhost:5000/api/docs
2026-08-15 05:57:01 [ERROR]: Database Error: Database operation failed
Error
    at Query.run (/app/node_modules/sequelize/src/dialects/mysql/query.js:46:25)
    at /app/node_modules/sequelize/src/sequelize.js:650:28
    at processTicksAndRejections (node:internal/process/task_queues:95:5)
    at async MySQLQueryInterface.select (/app/node_modules/sequelize/src/dialects/abstract/query-interface.js:1001:12)
    at async Function.findAll (/app/node_modules/sequelize/src/model.js:1824:21)
    at async Function.findOne (/app/node_modules/sequelize/src/model.js:1998:12)
    at async /app/src/controllers/auth.controller.ts:102:16
{
  "service": "database",
  "error": "Table 'gym_management_system.users' doesn't exist",
  "url": "/api/auth/login",
  "method": "POST",
  "ip": "::ffff:172.19.0.1",
  "userAgent": "Mozilla/5.0 (Macintosh; Intel Mac OS X 10_15_7) AppleWebKit/605.1.15 (KHTML, like Gecko) Version/18.6 Safari/605.1.15",
  "body": {
    "email": "admin@gym.com",
    "password": "password"
  },
  "params": {},
  "query": {}
}
2026-08-15 05:57:33 [INFO]: Login Attempt
{
  "service": "auth",
  "userId": 1,
  "email": "admin@gym.com",
  "ip": "",
  "success": true
}
2026-08-15 05:57:33 [INFO]: Login Attempt
{
  "service": "auth",
  "userId": 1,
  "email": "admin@gym.com",
  "ip": "::ffff:172.19.0.1",
  "success": true
}
2026-08-15 05:57:33 [INFO]: Redis Client Connected
2026-08-15 05:57:33 [INFO]: Redis Client Ready
2026-08-15 05:57:33 [INFO]: Login Attempt
{
  "service": "auth",
  "userId": 1,
  "email": "admin@gym.com",
  "ip": "::ffff:172.19.0.1",
  "success": true
}
2026-08-15 05:57:33 [ERROR]: Database Error: Database operation failed
Error
    at Query.run (/app/node_modules/sequelize/src/dialects/mysql/query.js:46:25)
    at /app/node_modules/sequelize/src/sequelize.js:650:28
    at processTicksAndRejections (node:internal/process/task_queues:95:5)
    at async MySQLQueryInterface.rawSelect (/app/node_modules/sequelize/src/dialects/abstract/query-interface.js:1043:18)
    at async Function.aggregate (/app/node_modules/sequelize/src/model.js:2067:19)
    at async Function.sum (/app/node_modules/sequelize/src/model.js:2236:12)
    at async Promise.all (index 0)
    at async /app/src/controllers/dashboard.controller.ts:36:59
{
  "service": "database",
  "error": "Unknown column 'MemberSubscription.createdAt' in 'where clause'",
  "url": "/api/dashboard",
  "method": "GET",
  "ip": "::ffff:172.19.0.1",
  "userAgent": "Mozilla/5.0 (Macintosh; Intel Mac OS X 10_15_7) AppleWebKit/605.1.15 (KHTML, like Gecko) Version/18.6 Safari/605.1.15",
  "userId": 1,
  "body": {},
  "params": {},
  "query": {}
}
2026-08-15 05:57:48 [INFO]: Login Attempt
{
  "service": "auth",
  "userId": 1,
  "email": "admin@gym.com",
  "ip": "::ffff:172.19.0.1",
  "success": true
}
2026-08-15 05:57:48 [INFO]: Login Attempt
{
  "service": "auth",
  "userId": 1,
  "email": "admin@gym.com",
  "ip": "::ffff:172.19.0.1",
  "success": true
}
2026-08-15 05:57:49 [INFO]: Login Attempt
{
  "service": "auth",
  "userId": 1,
  "email": "admin@gym.com",
  "ip": "::ffff:172.19.0.1",
  "success": true
}
2026-08-15 05:57:49 [INFO]: Login Attempt
{
  "service": "auth",
  "userId": 1,
  "email": "admin@gym.com",
  "ip": "::ffff:172.19.0.1",
  "success": true
}
2026-08-15 05:57:49 [ERROR]: Database Error: Database operation failed
Error
    at Query.run (/app/node_modules/sequelize/src/dialects/mysql/query.js:46:25)
    at /app/node_modules/sequelize/src/sequelize.js:650:28
    at processTicksAndRejections (node:internal/process/task_queues:95:5)
    at async MySQLQueryInterface.rawSelect (/app/node_modules/sequelize/src/dialects/abstract/query-interface.js:1043:18)
    at async Function.aggregate (/app/node_modules/sequelize/src/model.js:2067:19)
    at async Function.sum (/app/node_modules/sequelize/src/model.js:2236:12)
    at async Promise.all (index 0)
    at async /app/src/controllers/dashboard.controller.ts:36:59
{
  "service": "database",
  "error": "Unknown column 'MemberSubscription.createdAt' in 'where clause'",
  "url": "/api/dashboard",
  "method": "GET",
  "ip": "::ffff:172.19.0.1",
  "userAgent": "Mozilla/5.0 (Macintosh; Intel Mac OS X 10_15_7) AppleWebKit/605.1.15 (KHTML, like Gecko) Version/18.6 Safari/605.1.15",
  "userId": 1,
  "body": {},
  "params": {},
  "query": {}
}
2026-08-15 05:57:49 [ERROR]: Database Error: Database operation failed
Error
    at Query.run (/app/node_modules/sequelize/src/dialects/mysql/query.js:46:25)
    at /app/node_modules/sequelize/src/sequelize.js:650:28
    at processTicksAndRejections (node:internal/process/task_queues:95:5)
    at async MySQLQueryInterface.rawSelect (/app/node_modules/sequelize/src/dialects/abstract/query-interface.js:1043:18)
    at async Function.aggregate (/app/node_modules/sequelize/src/model.js:2067:19)
    at async Function.sum (/app/node_modules/sequelize/src/model.js:2236:12)
    at async Promise.all (index 0)
    at async /app/src/controllers/dashboard.controller.ts:36:59
{
  "service": "database",
  "error": "Unknown column 'MemberSubscription.createdAt' in 'where clause'",
  "url": "/api/dashboard",
  "method": "GET",
  "ip": "::ffff:172.19.0.1",
  "userAgent": "Mozilla/5.0 (Macintosh; Intel Mac OS X 10_15_7) AppleWebKit/605.1.15 (KHTML, like Gecko) Version/18.6 Safari/605.1.15",
  "userId": 1,
  "body": {},
  "params": {},
  "query": {}
}
2026-08-15 05:58:16 [INFO]: Database connection established successfully (development)
2026-08-15 05:58:16 [INFO]: Database ready for use (using migrations)
2026-08-15 05:58:16 [INFO]: Database connected successfully
2026-08-15 05:58:16 [INFO]: Session store configured (memory store)
2026-08-15 05:58:16 [INFO]: Redis session store configured
2026-08-15 05:58:16 [INFO]: 🚀 Server running on port 5000 in development mode
2026-08-15 05:58:16 [INFO]: 📊 API Health: http://localhost:5000/api/health
2026-08-15 05:58:16 [INFO]: 📖 API Docs: http://localhost:5000/api/docs
2026-08-15 05:58:56 [INFO]: Database connection established successfully (development)
2026-08-15 05:58:56 [INFO]: Database ready for use (using migrations)
2026-08-15 05:58:56 [INFO]: Database connected successfully
2026-08-15 05:58:56 [INFO]: Session store configured (memory store)
2026-08-15 05:58:56 [INFO]: Redis session store configured
2026-08-15 05:58:56 [INFO]: 🚀 Server running on port 5000 in development mode
2026-08-15 05:58:56 [INFO]: 📊 API Health: http://localhost:5000/api/health
2026-08-15 05:58:56 [INFO]: 📖 API Docs: http://localhost:5000/api/docs
2026-08-15 05:59:15 [INFO]: Redis Client Connected
2026-08-15 05:59:15 [INFO]: Redis Client Connected
2026-08-15 05:59:15 [INFO]: Redis Client Ready
2026-08-15 05:59:15 [INFO]: Redis Client Connected
2026-08-15 05:59:15 [INFO]: Redis Client Ready
2026-08-15 05:59:15 [INFO]: Redis Client Ready
2026-08-15 05:59:15 [INFO]: Login Attempt
{
  "service": "auth",
  "userId": 1,
  "email": "admin@gym.com",
  "ip": "::ffff:172.19.0.1",
  "success": true
}
2026-08-15 05:59:15 [INFO]: Login Attempt
{
  "service": "auth",
  "userId": 1,
  "email": "admin@gym.com",
  "ip": "::ffff:172.19.0.1",
  "success": true
}
2026-08-15 05:59:15 [INFO]: Login Attempt
{
  "service": "auth",
  "userId": 1,
  "email": "admin@gym.com",
  "ip": "::ffff:172.19.0.1",
  "success": true
}
2026-08-15 05:59:20 [INFO]: Login Attempt
{
  "service": "auth",
  "userId": 1,
  "email": "admin@gym.com",
  "ip": "::ffff:172.19.0.1",
  "success": true
}
2026-08-15 05:59:22 [INFO]: Login Attempt
{
  "service": "auth",
  "userId": 1,
  "email": "admin@gym.com",
  "ip": "::ffff:172.19.0.1",
  "success": true
}
2026-08-15 05:59:28 [INFO]: Login Attempt
{
  "service": "auth",
  "userId": 1,
  "email": "admin@gym.com",
  "ip": "::ffff:172.19.0.1",
  "success": true
}
2026-08-15 05:59:29 [INFO]: Login Attempt
{
  "service": "auth",
  "userId": 1,
  "email": "admin@gym.com",
  "ip": "::ffff:172.19.0.1",
  "success": true
}
2026-08-15 05:59:31 [INFO]: Login Attempt
{
  "service": "auth",
  "userId": 1,
  "email": "admin@gym.com",
  "ip": "::ffff:172.19.0.1",
  "success": true
}
2026-08-15 05:59:35 [INFO]: Login Attempt
{
  "service": "auth",
  "userId": 1,
  "email": "admin@gym.com",
  "ip": "::ffff:172.19.0.1",
  "success": true
}
2026-08-15 05:59:35 [INFO]: Login Attempt
{
  "service": "auth",
  "userId": 1,
  "email": "admin@gym.com",
  "ip": "::ffff:172.19.0.1",
  "success": true
}
2026-08-15 05:59:35 [INFO]: Login Attempt
{
  "service": "auth",
  "userId": 1,
  "email": "admin@gym.com",
  "ip": "::ffff:172.19.0.1",
  "success": true
}
2026-08-15 05:59:35 [INFO]: Login Attempt
{
  "service": "auth",
  "userId": 1,
  "email": "admin@gym.com",
  "ip": "::ffff:172.19.0.1",
  "success": true
}
2026-08-15 06:00:13 [INFO]: Login Attempt
{
  "service": "auth",
  "userId": 1,
  "email": "admin@gym.com",
  "ip": "::ffff:172.19.0.1",
  "success": true
}
2026-08-15 06:00:13 [WARN]: Client Error 400: Validation failed: password: Password must be at least 8 characters long, password: Password must contain at least one lowercase letter, one uppercase letter, one number, and one special character
{
  "url": "/api/members",
  "method": "POST",
  "ip": "::ffff:172.19.0.1",
  "userAgent": "Mozilla/5.0 (Macintosh; Intel Mac OS X 10_15_7) AppleWebKit/605.1.15 (KHTML, like Gecko) Version/18.6 Safari/605.1.15",
  "userId": 1,
  "body": {
    "username": "abc",
    "email": "abc@gmail.com",
    "password": "123",
    "phone": "0353544504",
    "fullName": "abc",
    "gender": "MALE",
    "dateOfBirth": "1996-08-15"
  },
  "params": {},
  "query": {}
}
2026-08-15 06:01:13 [INFO]: Login Attempt
{
  "service": "auth",
  "userId": 1,
  "email": "admin@gym.com",
  "ip": "::ffff:172.19.0.1",
  "success": true
}
2026-08-15 06:01:13 [INFO]: New Member Registered
{
  "memberId": 1050,
  "memberCode": "M260004",
  "service": "business"
}
2026-08-15 06:01:15 [INFO]: Login Attempt
{
  "service": "auth",
  "userId": 1,
  "email": "admin@gym.com",
  "ip": "::ffff:172.19.0.1",
  "success": true
}
2026-08-15 06:01:15 [INFO]: Login Attempt
{
  "service": "auth",
  "userId": 1,
  "email": "admin@gym.com",
  "ip": "::ffff:172.19.0.1",
  "success": true
}
2026-08-15 06:01:31 [INFO]: Login Attempt
{
  "service": "auth",
  "userId": 1,
  "email": "admin@gym.com",
  "ip": "::ffff:172.19.0.1",
  "success": true
}
2026-08-15 06:01:31 [WARN]: Client Error 400: Validation failed: username: Username must be between 3 and 50 characters, username: Username can only contain letters, numbers, and underscores, email: Please provide a valid email, password: Password must be at least 8 characters long, password: Password must contain at least one lowercase letter, one uppercase letter, one number, and one special character, fullName: Full name must be between 2 and 150 characters, phone: Please provide a valid phone number, dateOfBirth: Please provide a valid date of birth
{
  "url": "/api/members",
  "method": "POST",
  "ip": "::ffff:172.19.0.1",
  "userAgent": "Mozilla/5.0 (Macintosh; Intel Mac OS X 10_15_7) AppleWebKit/605.1.15 (KHTML, like Gecko) Version/18.6 Safari/605.1.15",
  "userId": 1,
  "body": {
    "username": "",
    "email": "@",
    "password": "",
    "phone": "",
    "fullName": "",
    "gender": "MALE",
    "dateOfBirth": ""
  },
  "params": {},
  "query": {}
}
2026-08-15 06:01:35 [INFO]: Login Attempt
{
  "service": "auth",
  "userId": 1,
  "email": "admin@gym.com",
  "ip": "::ffff:172.19.0.1",
  "success": true
}
2026-08-15 06:01:35 [INFO]: Login Attempt
{
  "service": "auth",
  "userId": 1,
  "email": "admin@gym.com",
  "ip": "::ffff:172.19.0.1",
  "success": true
}
2026-08-15 06:01:35 [INFO]: Login Attempt
{
  "service": "auth",
  "userId": 1,
  "email": "admin@gym.com",
  "ip": "::ffff:172.19.0.1",
  "success": true
}
2026-08-15 06:01:35 [INFO]: Login Attempt
{
  "service": "auth",
  "userId": 1,
  "email": "admin@gym.com",
  "ip": "::ffff:172.19.0.1",
  "success": true
}
2026-08-15 06:02:16 [INFO]: SIGTERM received, shutting down gracefully
2026-08-15 06:02:20 [INFO]: Database connection established successfully (development)
2026-08-15 06:02:20 [INFO]: Database ready for use (using migrations)
2026-08-15 06:02:20 [INFO]: Database connected successfully
2026-08-15 06:02:20 [INFO]: Session store configured (memory store)
2026-08-15 06:02:20 [INFO]: Redis session store configured
2026-08-15 06:02:20 [INFO]: 🚀 Server running on port 5000 in development mode
2026-08-15 06:02:20 [INFO]: 📊 API Health: http://localhost:5000/api/health
2026-08-15 06:02:20 [INFO]: 📖 API Docs: http://localhost:5000/api/docs
2026-08-15 06:02:22 [INFO]: Redis Client Connected
2026-08-15 06:02:22 [INFO]: Redis Client Connected
2026-08-15 06:02:22 [INFO]: Redis Client Connected
2026-08-15 06:02:22 [INFO]: Redis Client Connected
2026-08-15 06:02:22 [INFO]: Redis Client Connected
2026-08-15 06:02:22 [INFO]: Redis Client Ready
2026-08-15 06:02:22 [INFO]: Redis Client Ready
2026-08-15 06:02:22 [INFO]: Redis Client Ready
2026-08-15 06:02:22 [INFO]: Redis Client Ready
2026-08-15 06:02:22 [INFO]: Redis Client Ready
2026-08-15 06:02:22 [INFO]: Redis Client Connected
2026-08-15 06:02:22 [INFO]: Login Attempt
{
  "service": "auth",
  "userId": 1,
  "email": "admin@gym.com",
  "ip": "::ffff:172.19.0.1",
  "success": true
}
2026-08-15 06:02:22 [INFO]: Login Attempt
{
  "service": "auth",
  "userId": 1,
  "email": "admin@gym.com",
  "ip": "::ffff:172.19.0.1",
  "success": true
}
2026-08-15 06:02:22 [INFO]: Redis Client Ready
2026-08-15 06:02:22 [INFO]: Login Attempt
{
  "service": "auth",
  "userId": 1,
  "email": "admin@gym.com",
  "ip": "::ffff:172.19.0.1",
  "success": true
}
2026-08-15 06:02:22 [INFO]: Login Attempt
{
  "service": "auth",
  "userId": 1,
  "email": "admin@gym.com",
  "ip": "::ffff:172.19.0.1",
  "success": true
}
2026-08-15 06:02:22 [INFO]: Login Attempt
{
  "service": "auth",
  "userId": 1,
  "email": "admin@gym.com",
  "ip": "::ffff:172.19.0.1",
  "success": true
}
2026-08-15 06:02:22 [INFO]: Login Attempt
{
  "service": "auth",
  "userId": 1,
  "email": "admin@gym.com",
  "ip": "::ffff:172.19.0.1",
  "success": true
}
2026-08-15 06:03:23 [INFO]: Login Attempt
{
  "service": "auth",
  "userId": 1,
  "email": "admin@gym.com",
  "ip": "::ffff:172.19.0.1",
  "success": true
}
2026-08-15 06:03:23 [INFO]: Login Attempt
{
  "service": "auth",
  "userId": 1,
  "email": "admin@gym.com",
  "ip": "::ffff:172.19.0.1",
  "success": true
}
2026-08-15 06:03:23 [INFO]: Login Attempt
{
  "service": "auth",
  "userId": 1,
  "email": "admin@gym.com",
  "ip": "::ffff:172.19.0.1",
  "success": true
}
2026-08-15 06:03:23 [INFO]: Login Attempt
{
  "service": "auth",
  "userId": 1,
  "email": "admin@gym.com",
  "ip": "::ffff:172.19.0.1",
  "success": true
}
2026-08-15 06:03:23 [INFO]: Login Attempt
{
  "service": "auth",
  "userId": 1,
  "email": "admin@gym.com",
  "ip": "::ffff:172.19.0.1",
  "success": true
}
2026-08-15 06:03:23 [INFO]: Login Attempt
{
  "service": "auth",
  "userId": 1,
  "email": "admin@gym.com",
  "ip": "::ffff:172.19.0.1",
  "success": true
}
2026-08-15 06:04:05 [INFO]: Login Attempt
{
  "service": "auth",
  "userId": 1,
  "email": "admin@gym.com",
  "ip": "::ffff:172.19.0.1",
  "success": true
}
2026-08-15 06:04:05 [INFO]: Login Attempt
{
  "service": "auth",
  "userId": 1,
  "email": "admin@gym.com",
  "ip": "::ffff:172.19.0.1",
  "success": true
}
2026-08-15 06:05:03 [INFO]: Database connection established successfully (development)
2026-08-15 06:05:03 [INFO]: Database ready for use (using migrations)
2026-08-15 06:05:03 [INFO]: Database connected successfully
2026-08-15 06:05:03 [INFO]: Session store configured (memory store)
2026-08-15 06:05:03 [INFO]: Redis session store configured
2026-08-15 06:05:03 [INFO]: 🚀 Server running on port 5000 in development mode
2026-08-15 06:05:03 [INFO]: 📊 API Health: http://localhost:5000/api/health
2026-08-15 06:05:03 [INFO]: 📖 API Docs: http://localhost:5000/api/docs
2026-08-15 06:05:12 [INFO]: Database connection established successfully (development)
2026-08-15 06:05:12 [INFO]: Database ready for use (using migrations)
2026-08-15 06:05:12 [INFO]: Database connected successfully
2026-08-15 06:05:12 [INFO]: Session store configured (memory store)
2026-08-15 06:05:12 [INFO]: Redis session store configured
2026-08-15 06:05:12 [INFO]: 🚀 Server running on port 5000 in development mode
2026-08-15 06:05:12 [INFO]: 📊 API Health: http://localhost:5000/api/health
2026-08-15 06:05:12 [INFO]: 📖 API Docs: http://localhost:5000/api/docs
2026-08-15 06:06:57 [INFO]: Database connection established successfully (development)
2026-08-15 06:06:57 [INFO]: Database ready for use (using migrations)
2026-08-15 06:06:57 [INFO]: Database connected successfully
2026-08-15 06:06:57 [INFO]: Session store configured (memory store)
2026-08-15 06:06:57 [INFO]: Redis session store configured
2026-08-15 06:06:57 [INFO]: 🚀 Server running on port 5000 in development mode
2026-08-15 06:06:57 [INFO]: 📊 API Health: http://localhost:5000/api/health
2026-08-15 06:06:57 [INFO]: 📖 API Docs: http://localhost:5000/api/docs
2026-08-15 06:07:26 [INFO]: Redis Client Connected
2026-08-15 06:07:26 [INFO]: Redis Client Connected
2026-08-15 06:07:26 [INFO]: Redis Client Connected
2026-08-15 06:07:26 [INFO]: Redis Client Ready
2026-08-15 06:07:26 [INFO]: Redis Client Ready
2026-08-15 06:07:26 [INFO]: Redis Client Ready
2026-08-15 06:07:26 [INFO]: Redis Client Connected
2026-08-15 06:07:26 [INFO]: Redis Client Ready
2026-08-15 06:07:26 [INFO]: Login Attempt
{
  "service": "auth",
  "userId": 1,
  "email": "admin@gym.com",
  "ip": "::ffff:172.19.0.1",
  "success": true
}
2026-08-15 06:07:26 [INFO]: Login Attempt
{
  "service": "auth",
  "userId": 1,
  "email": "admin@gym.com",
  "ip": "::ffff:172.19.0.1",
  "success": true
}
2026-08-15 06:07:26 [INFO]: Login Attempt
{
  "service": "auth",
  "userId": 1,
  "email": "admin@gym.com",
  "ip": "::ffff:172.19.0.1",
  "success": true
}
2026-08-15 06:07:26 [INFO]: Login Attempt
{
  "service": "auth",
  "userId": 1,
  "email": "admin@gym.com",
  "ip": "::ffff:172.19.0.1",
  "success": true
}
2026-08-15 06:07:30 [INFO]: Login Attempt
{
  "service": "auth",
  "userId": 1,
  "email": "admin@gym.com",
  "ip": "::ffff:172.19.0.1",
  "success": true
}
2026-08-15 06:07:30 [INFO]: Login Attempt
{
  "service": "auth",
  "userId": 1,
  "email": "admin@gym.com",
  "ip": "::ffff:172.19.0.1",
  "success": true
}
2026-08-15 06:07:30 [INFO]: Login Attempt
{
  "service": "auth",
  "userId": 1,
  "email": "admin@gym.com",
  "ip": "::ffff:172.19.0.1",
  "success": true
}
2026-08-15 06:07:30 [INFO]: Login Attempt
{
  "service": "auth",
  "userId": 1,
  "email": "admin@gym.com",
  "ip": "::ffff:172.19.0.1",
  "success": true
}
2026-08-15 06:08:02 [INFO]: Login Attempt
{
  "service": "auth",
  "userId": 1,
  "email": "admin@gym.com",
  "ip": "::ffff:172.19.0.1",
  "success": true
}
2026-08-15 06:08:02 [WARN]: Client Error 400: Validation failed: dateOfBirth: Please provide a valid date of birth
{
  "url": "/api/members",
  "method": "POST",
  "ip": "::ffff:172.19.0.1",
  "userAgent": "Mozilla/5.0 (Macintosh; Intel Mac OS X 10_15_7) AppleWebKit/605.1.15 (KHTML, like Gecko) Version/18.6 Safari/605.1.15",
  "userId": 1,
  "body": {
    "username": "abc999",
    "email": "abc999@gmail.com",
    "password": "Toan@21061996",
    "phone": "0353544566",
    "fullName": "abc999",
    "gender": "MALE",
    "dateOfBirth": "",
    "packageId": 1
  },
  "params": {},
  "query": {}
}
2026-08-15 06:08:35 [INFO]: Database connection established successfully (development)
2026-08-15 06:08:35 [INFO]: Database ready for use (using migrations)
2026-08-15 06:08:35 [INFO]: Database connected successfully
2026-08-15 06:08:35 [INFO]: Session store configured (memory store)
2026-08-15 06:08:35 [INFO]: Redis session store configured
2026-08-15 06:08:35 [INFO]: 🚀 Server running on port 5000 in development mode
2026-08-15 06:08:35 [INFO]: 📊 API Health: http://localhost:5000/api/health
2026-08-15 06:08:35 [INFO]: 📖 API Docs: http://localhost:5000/api/docs
2026-08-15 06:10:04 [INFO]: Database connection established successfully (development)
2026-08-15 06:10:04 [INFO]: Database ready for use (using migrations)
2026-08-15 06:10:04 [INFO]: Database connected successfully
2026-08-15 06:10:04 [INFO]: Session store configured (memory store)
2026-08-15 06:10:04 [INFO]: Redis session store configured
2026-08-15 06:10:04 [INFO]: 🚀 Server running on port 5000 in development mode
2026-08-15 06:10:04 [INFO]: 📊 API Health: http://localhost:5000/api/health
2026-08-15 06:10:04 [INFO]: 📖 API Docs: http://localhost:5000/api/docs
2026-08-15 06:10:14 [INFO]: Redis Client Connected
2026-08-15 06:10:14 [INFO]: Redis Client Ready
2026-08-15 06:10:14 [INFO]: Login Attempt
{
  "service": "auth",
  "userId": 1,
  "email": "admin@gym.com",
  "ip": "::ffff:172.19.0.1",
  "success": true
}
2026-08-15 06:10:14 [INFO]: New Member Registered
{
  "memberId": 1051,
  "memberCode": "M260005",
  "service": "business"
}
2026-08-15 06:10:16 [INFO]: Login Attempt
{
  "service": "auth",
  "userId": 1,
  "email": "admin@gym.com",
  "ip": "::ffff:172.19.0.1",
  "success": true
}
2026-08-15 06:10:16 [INFO]: Login Attempt
{
  "service": "auth",
  "userId": 1,
  "email": "admin@gym.com",
  "ip": "::ffff:172.19.0.1",
  "success": true
}
2026-08-15 06:11:30 [INFO]: Login Attempt
{
  "service": "auth",
  "userId": 1,
  "email": "admin@gym.com",
  "ip": "::ffff:172.19.0.1",
  "success": true
}
2026-08-15 06:11:30 [INFO]: New Member Registered
{
  "memberId": 1052,
  "memberCode": "M260006",
  "service": "business"
}
2026-08-15 06:11:34 [INFO]: Login Attempt
{
  "service": "auth",
  "userId": 1,
  "email": "admin@gym.com",
  "ip": "::ffff:172.19.0.1",
  "success": true
}
2026-08-15 06:11:34 [INFO]: Login Attempt
{
  "service": "auth",
  "userId": 1,
  "email": "admin@gym.com",
  "ip": "::ffff:172.19.0.1",
  "success": true
}
2026-08-15 06:16:31 [INFO]: Database connection established successfully (development)
2026-08-15 06:16:31 [INFO]: Database ready for use (using migrations)
2026-08-15 06:16:31 [INFO]: Database connected successfully
2026-08-15 06:16:31 [INFO]: Session store configured (memory store)
2026-08-15 06:16:31 [INFO]: Redis session store configured
2026-08-15 06:16:31 [INFO]: 🚀 Server running on port 5000 in development mode
2026-08-15 06:16:31 [INFO]: 📊 API Health: http://localhost:5000/api/health
2026-08-15 06:16:31 [INFO]: 📖 API Docs: http://localhost:5000/api/docs
2026-08-15 06:17:47 [INFO]: Redis Client Connected
2026-08-15 06:17:47 [INFO]: Redis Client Connected
2026-08-15 06:17:47 [INFO]: Redis Client Connected
2026-08-15 06:17:47 [INFO]: Redis Client Connected
2026-08-15 06:17:47 [INFO]: Redis Client Connected
2026-08-15 06:17:47 [INFO]: Redis Client Ready
2026-08-15 06:17:47 [INFO]: Redis Client Ready
2026-08-15 06:17:47 [INFO]: Redis Client Ready
2026-08-15 06:17:47 [INFO]: Redis Client Ready
2026-08-15 06:17:47 [INFO]: Redis Client Ready
2026-08-15 06:17:47 [INFO]: Redis Client Connected
2026-08-15 06:17:47 [INFO]: Redis Client Ready
2026-08-15 06:17:47 [INFO]: Login Attempt
{
  "service": "auth",
  "userId": 1,
  "email": "admin@gym.com",
  "ip": "::ffff:172.19.0.1",
  "success": true
}
2026-08-15 06:17:47 [INFO]: Login Attempt
{
  "service": "auth",
  "userId": 1,
  "email": "admin@gym.com",
  "ip": "::ffff:172.19.0.1",
  "success": true
}
2026-08-15 06:17:47 [INFO]: Login Attempt
{
  "service": "auth",
  "userId": 1,
  "email": "admin@gym.com",
  "ip": "::ffff:172.19.0.1",
  "success": true
}
2026-08-15 06:17:47 [INFO]: Login Attempt
{
  "service": "auth",
  "userId": 1,
  "email": "admin@gym.com",
  "ip": "::ffff:172.19.0.1",
  "success": true
}
2026-08-15 06:17:47 [INFO]: Login Attempt
{
  "service": "auth",
  "userId": 1,
  "email": "admin@gym.com",
  "ip": "::ffff:172.19.0.1",
  "success": true
}
2026-08-15 06:17:47 [INFO]: Login Attempt
{
  "service": "auth",
  "userId": 1,
  "email": "admin@gym.com",
  "ip": "::ffff:172.19.0.1",
  "success": true
}
2026-08-15 06:17:54 [INFO]: Login Attempt
{
  "service": "auth",
  "userId": 1,
  "email": "admin@gym.com",
  "ip": "::ffff:172.19.0.1",
  "success": true
}
2026-08-15 06:17:54 [WARN]: Client Error 400: Gói tập hiện tại (Gói Tiêu Chuẩn - 3 Tháng) không hỗ trợ dịch vụ Huấn luyện viên cá nhân.
{
  "url": "/api/members/1052/assign-trainer",
  "method": "PUT",
  "ip": "::ffff:172.19.0.1",
  "userAgent": "Mozilla/5.0 (Macintosh; Intel Mac OS X 10_15_7) AppleWebKit/605.1.15 (KHTML, like Gecko) Version/18.6 Safari/605.1.15",
  "userId": 1,
  "body": {
    "trainerId": 1
  },
  "params": {},
  "query": {}
}
2026-08-15 06:20:14 [INFO]: Login Attempt
{
  "service": "auth",
  "userId": 1,
  "email": "admin@gym.com",
  "ip": "::ffff:172.19.0.1",
  "success": true
}
2026-08-15 06:20:14 [WARN]: Client Error 400: Gói tập hiện tại (Gói Tiêu Chuẩn - 3 Tháng) không hỗ trợ dịch vụ Huấn luyện viên cá nhân.
{
  "url": "/api/members/1052/assign-trainer",
  "method": "PUT",
  "ip": "::ffff:172.19.0.1",
  "userAgent": "Mozilla/5.0 (Macintosh; Intel Mac OS X 10_15_7) AppleWebKit/605.1.15 (KHTML, like Gecko) Version/18.6 Safari/605.1.15",
  "userId": 1,
  "body": {
    "trainerId": 1
  },
  "params": {},
  "query": {}
}
2026-08-15 06:20:16 [INFO]: Login Attempt
{
  "service": "auth",
  "userId": 1,
  "email": "admin@gym.com",
  "ip": "::ffff:172.19.0.1",
  "success": true
}
2026-08-15 06:20:16 [INFO]: Login Attempt
{
  "service": "auth",
  "userId": 1,
  "email": "admin@gym.com",
  "ip": "::ffff:172.19.0.1",
  "success": true
}
2026-08-15 06:20:16 [INFO]: Login Attempt
{
  "service": "auth",
  "userId": 1,
  "email": "admin@gym.com",
  "ip": "::ffff:172.19.0.1",
  "success": true
}
2026-08-15 06:20:16 [INFO]: Login Attempt
{
  "service": "auth",
  "userId": 1,
  "email": "admin@gym.com",
  "ip": "::ffff:172.19.0.1",
  "success": true
}
2026-08-15 06:20:16 [INFO]: Login Attempt
{
  "service": "auth",
  "userId": 1,
  "email": "admin@gym.com",
  "ip": "::ffff:172.19.0.1",
  "success": true
}
2026-08-15 06:20:16 [INFO]: Login Attempt
{
  "service": "auth",
  "userId": 1,
  "email": "admin@gym.com",
  "ip": "::ffff:172.19.0.1",
  "success": true
}
2026-08-15 06:20:23 [INFO]: Login Attempt
{
  "service": "auth",
  "userId": 1,
  "email": "admin@gym.com",
  "ip": "::ffff:172.19.0.1",
  "success": true
}
2026-08-15 06:20:23 [WARN]: Client Error 400: Gói tập hiện tại (Gói Tiêu Chuẩn - 3 Tháng) không hỗ trợ dịch vụ Huấn luyện viên cá nhân.
{
  "url": "/api/members/1052/assign-trainer",
  "method": "PUT",
  "ip": "::ffff:172.19.0.1",
  "userAgent": "Mozilla/5.0 (Macintosh; Intel Mac OS X 10_15_7) AppleWebKit/605.1.15 (KHTML, like Gecko) Version/18.6 Safari/605.1.15",
  "userId": 1,
  "body": {
    "trainerId": 1
  },
  "params": {},
  "query": {}
}
2026-08-15 06:20:45 [INFO]: Login Attempt
{
  "service": "auth",
  "userId": 1,
  "email": "admin@gym.com",
  "ip": "::ffff:172.19.0.1",
  "success": true
}
2026-08-15 06:20:45 [INFO]: User Logout
{
  "service": "auth",
  "userId": 1,
  "email": "admin@gym.com"
}
2026-08-15 06:20:53 [INFO]: Login Attempt
{
  "service": "auth",
  "userId": 1052,
  "email": "abc57656@gmail.com",
  "ip": "::ffff:172.19.0.1",
  "success": false
}
2026-08-15 06:20:53 [WARN]: Client Error 401: Invalid email or password
{
  "url": "/api/auth/login",
  "method": "POST",
  "ip": "::ffff:172.19.0.1",
  "userAgent": "Mozilla/5.0 (Macintosh; Intel Mac OS X 10_15_7) AppleWebKit/605.1.15 (KHTML, like Gecko) Version/18.6 Safari/605.1.15",
  "body": {
    "email": "abc57656@gmail.com",
    "password": "toan@21061996"
  },
  "params": {},
  "query": {}
}
2026-08-15 06:21:04 [INFO]: Login Attempt
{
  "service": "auth",
  "userId": 1052,
  "email": "abc57656@gmail.com",
  "ip": "::ffff:172.19.0.1",
  "success": false
}
2026-08-15 06:21:04 [WARN]: Client Error 401: Invalid email or password
{
  "url": "/api/auth/login",
  "method": "POST",
  "ip": "::ffff:172.19.0.1",
  "userAgent": "Mozilla/5.0 (Macintosh; Intel Mac OS X 10_15_7) AppleWebKit/605.1.15 (KHTML, like Gecko) Version/18.6 Safari/605.1.15",
  "body": {
    "email": "abc57656@gmail.com",
    "password": "Toan@21061996"
  },
  "params": {},
  "query": {}
}
2026-08-15 06:21:32 [INFO]: Login Attempt
{
  "service": "auth",
  "userId": 1,
  "email": "admin@gym.com",
  "ip": "",
  "success": true
}
2026-08-15 06:21:32 [INFO]: Login Attempt
{
  "service": "auth",
  "userId": 1,
  "email": "admin@gym.com",
  "ip": "::ffff:172.19.0.1",
  "success": true
}
2026-08-15 06:21:32 [INFO]: Login Attempt
{
  "service": "auth",
  "userId": 1,
  "email": "admin@gym.com",
  "ip": "::ffff:172.19.0.1",
  "success": true
}
2026-08-15 06:21:33 [INFO]: Login Attempt
{
  "service": "auth",
  "userId": 1,
  "email": "admin@gym.com",
  "ip": "::ffff:172.19.0.1",
  "success": true
}
2026-08-15 06:21:33 [INFO]: Login Attempt
{
  "service": "auth",
  "userId": 1,
  "email": "admin@gym.com",
  "ip": "::ffff:172.19.0.1",
  "success": true
}
2026-08-15 06:22:23 [INFO]: Login Attempt
{
  "service": "auth",
  "userId": 1,
  "email": "admin@gym.com",
  "ip": "::ffff:172.19.0.1",
  "success": true
}
2026-08-15 06:22:23 [INFO]: New Member Registered
{
  "memberId": 1053,
  "memberCode": "M260007",
  "service": "business"
}
2026-08-15 06:22:23 [INFO]: Login Attempt
{
  "service": "auth",
  "userId": 1,
  "email": "admin@gym.com",
  "ip": "::ffff:172.19.0.1",
  "success": true
}
2026-08-15 06:22:23 [INFO]: Login Attempt
{
  "service": "auth",
  "userId": 1,
  "email": "admin@gym.com",
  "ip": "::ffff:172.19.0.1",
  "success": true
}
2026-08-15 06:22:26 [INFO]: Login Attempt
{
  "service": "auth",
  "userId": 1,
  "email": "admin@gym.com",
  "ip": "::ffff:172.19.0.1",
  "success": true
}
2026-08-15 06:22:26 [INFO]: User Logout
{
  "service": "auth",
  "userId": 1,
  "email": "admin@gym.com"
}
2026-08-15 06:22:46 [INFO]: Login Attempt
{
  "service": "auth",
  "userId": 1053,
  "email": "abc3333@gmail.com",
  "ip": "",
  "success": true
}
2026-08-15 06:22:46 [INFO]: Login Attempt
{
  "service": "auth",
  "userId": 1053,
  "email": "abc3333@gmail.com",
  "ip": "::ffff:172.19.0.1",
  "success": true
}
2026-08-15 06:22:46 [INFO]: Login Attempt
{
  "service": "auth",
  "userId": 1053,
  "email": "abc3333@gmail.com",
  "ip": "::ffff:172.19.0.1",
  "success": true
}
2026-08-15 06:22:51 [INFO]: Login Attempt
{
  "service": "auth",
  "userId": 1053,
  "email": "abc3333@gmail.com",
  "ip": "::ffff:172.19.0.1",
  "success": true
}
2026-08-15 06:22:52 [INFO]: Login Attempt
{
  "service": "auth",
  "userId": 1053,
  "email": "abc3333@gmail.com",
  "ip": "::ffff:172.19.0.1",
  "success": true
}
2026-08-15 06:24:18 [INFO]: Database connection established successfully (development)
2026-08-15 06:24:18 [INFO]: Database ready for use (using migrations)
2026-08-15 06:24:18 [INFO]: Database connected successfully
2026-08-15 06:24:18 [INFO]: Session store configured (memory store)
2026-08-15 06:24:18 [INFO]: Redis session store configured
2026-08-15 06:24:18 [INFO]: 🚀 Server running on port 5000 in development mode
2026-08-15 06:24:18 [INFO]: 📊 API Health: http://localhost:5000/api/health
2026-08-15 06:24:18 [INFO]: 📖 API Docs: http://localhost:5000/api/docs
2026-08-15 06:27:06 [INFO]: Database connection established successfully (development)
2026-08-15 06:27:06 [INFO]: Database ready for use (using migrations)
2026-08-15 06:27:06 [INFO]: Database connected successfully
2026-08-15 06:27:06 [INFO]: Session store configured (memory store)
2026-08-15 06:27:06 [INFO]: Redis session store configured
2026-08-15 06:27:06 [INFO]: 🚀 Server running on port 5000 in development mode
2026-08-15 06:27:06 [INFO]: 📊 API Health: http://localhost:5000/api/health
2026-08-15 06:27:06 [INFO]: 📖 API Docs: http://localhost:5000/api/docs
2026-08-15 06:27:18 [INFO]: Database connection established successfully (development)
2026-08-15 06:27:18 [INFO]: Database ready for use (using migrations)
2026-08-15 06:27:18 [INFO]: Database connected successfully
2026-08-15 06:27:18 [INFO]: Session store configured (memory store)
2026-08-15 06:27:18 [INFO]: Redis session store configured
2026-08-15 06:27:18 [INFO]: 🚀 Server running on port 5000 in development mode
2026-08-15 06:27:18 [INFO]: 📊 API Health: http://localhost:5000/api/health
2026-08-15 06:27:18 [INFO]: 📖 API Docs: http://localhost:5000/api/docs
2026-08-15 06:27:23 [INFO]: Database connection established successfully (development)
2026-08-15 06:27:23 [INFO]: Database ready for use (using migrations)
2026-08-15 06:27:23 [INFO]: Database connected successfully
2026-08-15 06:27:23 [INFO]: Session store configured (memory store)
2026-08-15 06:27:23 [INFO]: Redis session store configured
2026-08-15 06:27:23 [INFO]: 🚀 Server running on port 5000 in development mode
2026-08-15 06:27:23 [INFO]: 📊 API Health: http://localhost:5000/api/health
2026-08-15 06:27:23 [INFO]: 📖 API Docs: http://localhost:5000/api/docs
2026-08-15 06:27:37 [INFO]: Database connection established successfully (development)
2026-08-15 06:27:37 [INFO]: Database ready for use (using migrations)
2026-08-15 06:27:37 [INFO]: Database connected successfully
2026-08-15 06:27:37 [INFO]: Session store configured (memory store)
2026-08-15 06:27:37 [INFO]: Redis session store configured
2026-08-15 06:27:37 [INFO]: 🚀 Server running on port 5000 in development mode
2026-08-15 06:27:37 [INFO]: 📊 API Health: http://localhost:5000/api/health
2026-08-15 06:27:37 [INFO]: 📖 API Docs: http://localhost:5000/api/docs
2026-08-15 06:27:44 [INFO]: Database connection established successfully (development)
2026-08-15 06:27:44 [INFO]: Database ready for use (using migrations)
2026-08-15 06:27:44 [INFO]: Database connected successfully
2026-08-15 06:27:44 [INFO]: Session store configured (memory store)
2026-08-15 06:27:44 [INFO]: Redis session store configured
2026-08-15 06:27:44 [INFO]: 🚀 Server running on port 5000 in development mode
2026-08-15 06:27:44 [INFO]: 📊 API Health: http://localhost:5000/api/health
2026-08-15 06:27:44 [INFO]: 📖 API Docs: http://localhost:5000/api/docs
2026-08-15 06:29:31 [INFO]: Redis Client Connected
2026-08-15 06:29:31 [INFO]: Redis Client Ready
2026-08-15 06:29:31 [INFO]: Login Attempt
{
  "service": "auth",
  "userId": 1053,
  "email": "abc3333@gmail.com",
  "ip": "::ffff:172.19.0.1",
  "success": true
}
2026-08-15 06:29:31 [INFO]: Login Attempt
{
  "service": "auth",
  "userId": 1053,
  "email": "abc3333@gmail.com",
  "ip": "::ffff:172.19.0.1",
  "success": true
}
2026-08-15 06:29:31 [INFO]: Login Attempt
{
  "service": "auth",
  "userId": 1053,
  "email": "abc3333@gmail.com",
  "ip": "::ffff:172.19.0.1",
  "success": true
}
2026-08-15 06:29:31 [INFO]: Login Attempt
{
  "service": "auth",
  "userId": 1053,
  "email": "abc3333@gmail.com",
  "ip": "::ffff:172.19.0.1",
  "success": true
}
2026-08-15 06:29:31 [INFO]: Login Attempt
{
  "service": "auth",
  "userId": 1053,
  "email": "abc3333@gmail.com",
  "ip": "::ffff:172.19.0.1",
  "success": true
}
2026-08-15 06:29:34 [INFO]: Login Attempt
{
  "service": "auth",
  "userId": 1053,
  "email": "abc3333@gmail.com",
  "ip": "::ffff:172.19.0.1",
  "success": true
}
2026-08-15 06:29:34 [INFO]: User Logout
{
  "service": "auth",
  "userId": 1053,
  "email": "abc3333@gmail.com"
}
2026-08-15 06:29:38 [INFO]: Login Attempt
{
  "service": "auth",
  "userId": 1,
  "email": "admin@gym.com",
  "ip": "",
  "success": true
}
2026-08-15 06:29:38 [INFO]: Login Attempt
{
  "service": "auth",
  "userId": 1,
  "email": "admin@gym.com",
  "ip": "::ffff:172.19.0.1",
  "success": true
}
2026-08-15 06:29:38 [INFO]: Login Attempt
{
  "service": "auth",
  "userId": 1,
  "email": "admin@gym.com",
  "ip": "::ffff:172.19.0.1",
  "success": true
}
2026-08-15 06:29:40 [INFO]: Login Attempt
{
  "service": "auth",
  "userId": 1,
  "email": "admin@gym.com",
  "ip": "::ffff:172.19.0.1",
  "success": true
}
2026-08-15 06:29:40 [INFO]: Login Attempt
{
  "service": "auth",
  "userId": 1,
  "email": "admin@gym.com",
  "ip": "::ffff:172.19.0.1",
  "success": true
}
2026-08-15 06:30:13 [INFO]: Login Attempt
{
  "service": "auth",
  "userId": 1,
  "email": "admin@gym.com",
  "ip": "::ffff:172.19.0.1",
  "success": true
}
2026-08-15 06:30:13 [INFO]: New Member Registered
{
  "memberId": 1054,
  "memberCode": "M260008",
  "service": "business"
}
2026-08-15 06:30:13 [INFO]: Login Attempt
{
  "service": "auth",
  "userId": 1,
  "email": "admin@gym.com",
  "ip": "::ffff:172.19.0.1",
  "success": true
}
2026-08-15 06:30:13 [INFO]: Login Attempt
{
  "service": "auth",
  "userId": 1,
  "email": "admin@gym.com",
  "ip": "::ffff:172.19.0.1",
  "success": true
}
2026-08-15 06:30:20 [INFO]: Login Attempt
{
  "service": "auth",
  "userId": 1,
  "email": "admin@gym.com",
  "ip": "::ffff:172.19.0.1",
  "success": true
}
2026-08-15 06:30:20 [INFO]: User Logout
{
  "service": "auth",
  "userId": 1,
  "email": "admin@gym.com"
}
2026-08-15 06:30:29 [INFO]: Login Attempt
{
  "service": "auth",
  "userId": 1054,
  "email": "phuc9999@gmail.com",
  "ip": "::ffff:172.19.0.1",
  "success": false
}
2026-08-15 06:30:29 [WARN]: Client Error 401: Invalid email or password
{
  "url": "/api/auth/login",
  "method": "POST",
  "ip": "::ffff:172.19.0.1",
  "userAgent": "Mozilla/5.0 (Macintosh; Intel Mac OS X 10_15_7) AppleWebKit/605.1.15 (KHTML, like Gecko) Version/18.6 Safari/605.1.15",
  "body": {
    "email": "phuc9999@gmail.com",
    "password": "Toan@2106196"
  },
  "params": {},
  "query": {}
}
2026-08-15 06:30:43 [INFO]: Login Attempt
{
  "service": "auth",
  "userId": 1054,
  "email": "phuc9999@gmail.com",
  "ip": "",
  "success": true
}
2026-08-15 06:30:43 [INFO]: Login Attempt
{
  "service": "auth",
  "userId": 1054,
  "email": "phuc9999@gmail.com",
  "ip": "::ffff:172.19.0.1",
  "success": true
}
2026-08-15 06:30:43 [INFO]: Login Attempt
{
  "service": "auth",
  "userId": 1054,
  "email": "phuc9999@gmail.com",
  "ip": "::ffff:172.19.0.1",
  "success": true
}
2026-08-15 06:30:46 [INFO]: Login Attempt
{
  "service": "auth",
  "userId": 1054,
  "email": "phuc9999@gmail.com",
  "ip": "::ffff:172.19.0.1",
  "success": true
}
2026-08-15 06:30:46 [INFO]: Login Attempt
{
  "service": "auth",
  "userId": 1054,
  "email": "phuc9999@gmail.com",
  "ip": "::ffff:172.19.0.1",
  "success": true
}
2026-08-15 06:30:57 [INFO]: Login Attempt
{
  "service": "auth",
  "userId": 1054,
  "email": "phuc9999@gmail.com",
  "ip": "::ffff:172.19.0.1",
  "success": true
}
2026-08-15 06:30:57 [INFO]: Login Attempt
{
  "service": "auth",
  "userId": 1054,
  "email": "phuc9999@gmail.com",
  "ip": "::ffff:172.19.0.1",
  "success": true
}
2026-08-15 06:30:57 [INFO]: Login Attempt
{
  "service": "auth",
  "userId": 1054,
  "email": "phuc9999@gmail.com",
  "ip": "::ffff:172.19.0.1",
  "success": true
}
2026-08-15 06:30:57 [INFO]: Login Attempt
{
  "service": "auth",
  "userId": 1054,
  "email": "phuc9999@gmail.com",
  "ip": "::ffff:172.19.0.1",
  "success": true
}
2026-08-15 06:32:59 [INFO]: Login Attempt
{
  "service": "auth",
  "userId": 1054,
  "email": "phuc9999@gmail.com",
  "ip": "::ffff:172.19.0.1",
  "success": true
}
2026-08-15 06:32:59 [INFO]: Login Attempt
{
  "service": "auth",
  "userId": 1054,
  "email": "phuc9999@gmail.com",
  "ip": "::ffff:172.19.0.1",
  "success": true
}
2026-08-15 06:32:59 [INFO]: Login Attempt
{
  "service": "auth",
  "userId": 1054,
  "email": "phuc9999@gmail.com",
  "ip": "::ffff:172.19.0.1",
  "success": true
}
2026-08-15 06:32:59 [INFO]: Login Attempt
{
  "service": "auth",
  "userId": 1054,
  "email": "phuc9999@gmail.com",
  "ip": "::ffff:172.19.0.1",
  "success": true
}
2026-08-15 06:33:03 [INFO]: Login Attempt
{
  "service": "auth",
  "userId": 1054,
  "email": "phuc9999@gmail.com",
  "ip": "::ffff:172.19.0.1",
  "success": true
}
2026-08-15 06:33:03 [INFO]: User Logout
{
  "service": "auth",
  "userId": 1054,
  "email": "phuc9999@gmail.com"
}
2026-08-15 06:33:07 [INFO]: Login Attempt
{
  "service": "auth",
  "userId": 1,
  "email": "admin@gym.com",
  "ip": "",
  "success": true
}
2026-08-15 06:33:07 [INFO]: Login Attempt
{
  "service": "auth",
  "userId": 1,
  "email": "admin@gym.com",
  "ip": "::ffff:172.19.0.1",
  "success": true
}
2026-08-15 06:33:07 [INFO]: Login Attempt
{
  "service": "auth",
  "userId": 1,
  "email": "admin@gym.com",
  "ip": "::ffff:172.19.0.1",
  "success": true
}
2026-08-15 06:33:08 [INFO]: Login Attempt
{
  "service": "auth",
  "userId": 1,
  "email": "admin@gym.com",
  "ip": "::ffff:172.19.0.1",
  "success": true
}
2026-08-15 06:33:08 [INFO]: Login Attempt
{
  "service": "auth",
  "userId": 1,
  "email": "admin@gym.com",
  "ip": "::ffff:172.19.0.1",
  "success": true
}
2026-08-15 06:33:29 [INFO]: Login Attempt
{
  "service": "auth",
  "userId": 1,
  "email": "admin@gym.com",
  "ip": "::ffff:172.19.0.1",
  "success": true
}
2026-08-15 06:33:29 [WARN]: Client Error 400: Gói tập hiện tại (Gói Cơ Bản - 1 Tháng) không hỗ trợ dịch vụ Huấn luyện viên cá nhân.
{
  "url": "/api/members/1054/assign-trainer",
  "method": "PUT",
  "ip": "::ffff:172.19.0.1",
  "userAgent": "Mozilla/5.0 (Macintosh; Intel Mac OS X 10_15_7) AppleWebKit/605.1.15 (KHTML, like Gecko) Version/18.6 Safari/605.1.15",
  "userId": 1,
  "body": {
    "trainerId": 1
  },
  "params": {},
  "query": {}
}
2026-08-15 06:33:47 [INFO]: Login Attempt
{
  "service": "auth",
  "userId": 1,
  "email": "admin@gym.com",
  "ip": "::ffff:172.19.0.1",
  "success": true
}
2026-08-15 06:33:47 [WARN]: Client Error 400: Gói tập hiện tại (Gói Cơ Bản - 1 Tháng) không hỗ trợ dịch vụ Huấn luyện viên cá nhân.
{
  "url": "/api/members/1054/assign-trainer",
  "method": "PUT",
  "ip": "::ffff:172.19.0.1",
  "userAgent": "Mozilla/5.0 (Macintosh; Intel Mac OS X 10_15_7) AppleWebKit/605.1.15 (KHTML, like Gecko) Version/18.6 Safari/605.1.15",
  "userId": 1,
  "body": {
    "trainerId": 1
  },
  "params": {},
  "query": {}
}
2026-08-15 06:35:05 [INFO]: Login Attempt
{
  "service": "auth",
  "userId": 1,
  "email": "admin@gym.com",
  "ip": "::ffff:172.19.0.1",
  "success": true
}
2026-08-15 06:35:05 [WARN]: Client Error 400: Gói tập hiện tại (Gói Cơ Bản - 1 Tháng) không hỗ trợ dịch vụ Huấn luyện viên cá nhân.
{
  "url": "/api/members/1054/assign-trainer",
  "method": "PUT",
  "ip": "::ffff:172.19.0.1",
  "userAgent": "Mozilla/5.0 (Macintosh; Intel Mac OS X 10_15_7) AppleWebKit/605.1.15 (KHTML, like Gecko) Version/18.6 Safari/605.1.15",
  "userId": 1,
  "body": {
    "trainerId": 1
  },
  "params": {},
  "query": {}
}
2026-08-15 06:41:57 [INFO]: Login Attempt
{
  "service": "auth",
  "userId": 1,
  "email": "admin@gym.com",
  "ip": "::ffff:172.19.0.1",
  "success": true
}
2026-08-15 06:41:57 [INFO]: Login Attempt
{
  "service": "auth",
  "userId": 1,
  "email": "admin@gym.com",
  "ip": "::ffff:172.19.0.1",
  "success": true
}
2026-08-15 06:41:57 [INFO]: Login Attempt
{
  "service": "auth",
  "userId": 1,
  "email": "admin@gym.com",
  "ip": "::ffff:172.19.0.1",
  "success": true
}
2026-08-15 06:41:57 [INFO]: Login Attempt
{
  "service": "auth",
  "userId": 1,
  "email": "admin@gym.com",
  "ip": "::ffff:172.19.0.1",
  "success": true
}
2026-08-15 06:41:57 [INFO]: Login Attempt
{
  "service": "auth",
  "userId": 1,
  "email": "admin@gym.com",
  "ip": "::ffff:172.19.0.1",
  "success": true
}
2026-08-15 06:42:05 [INFO]: Login Attempt
{
  "service": "auth",
  "userId": 1,
  "email": "admin@gym.com",
  "ip": "::ffff:172.19.0.1",
  "success": true
}
2026-08-15 06:42:05 [WARN]: Client Error 400: Gói tập hiện tại (Gói Cơ Bản - 1 Tháng) không hỗ trợ dịch vụ Huấn luyện viên cá nhân.
{
  "url": "/api/members/1054/assign-trainer",
  "method": "PUT",
  "ip": "::ffff:172.19.0.1",
  "userAgent": "Mozilla/5.0 (Macintosh; Intel Mac OS X 10_15_7) AppleWebKit/605.1.15 (KHTML, like Gecko) Version/18.6 Safari/605.1.15",
  "userId": 1,
  "body": {
    "trainerId": 1
  },
  "params": {},
  "query": {}
}
2026-08-15 06:43:06 [INFO]: Login Attempt
{
  "service": "auth",
  "userId": 1,
  "email": "admin@gym.com",
  "ip": "::ffff:172.19.0.1",
  "success": true
}
2026-08-15 06:43:06 [INFO]: New Member Registered
{
  "memberId": 1055,
  "memberCode": "M260009",
  "service": "business"
}
2026-08-15 06:43:06 [INFO]: Login Attempt
{
  "service": "auth",
  "userId": 1,
  "email": "admin@gym.com",
  "ip": "::ffff:172.19.0.1",
  "success": true
}
2026-08-15 06:43:06 [INFO]: Login Attempt
{
  "service": "auth",
  "userId": 1,
  "email": "admin@gym.com",
  "ip": "::ffff:172.19.0.1",
  "success": true
}
2026-08-15 06:43:15 [INFO]: Login Attempt
{
  "service": "auth",
  "userId": 1,
  "email": "admin@gym.com",
  "ip": "::ffff:172.19.0.1",
  "success": true
}
2026-08-15 06:43:15 [INFO]: User Logout
{
  "service": "auth",
  "userId": 1,
  "email": "admin@gym.com"
}
2026-08-15 06:43:26 [INFO]: Login Attempt
{
  "service": "auth",
  "userId": 1055,
  "email": "abc4545@gmail.com",
  "ip": "",
  "success": true
}
2026-08-15 06:43:26 [INFO]: Login Attempt
{
  "service": "auth",
  "userId": 1055,
  "email": "abc4545@gmail.com",
  "ip": "::ffff:172.19.0.1",
  "success": true
}
2026-08-15 06:43:26 [INFO]: Login Attempt
{
  "service": "auth",
  "userId": 1055,
  "email": "abc4545@gmail.com",
  "ip": "::ffff:172.19.0.1",
  "success": true
}
2026-08-15 06:43:29 [INFO]: Login Attempt
{
  "service": "auth",
  "userId": 1055,
  "email": "abc4545@gmail.com",
  "ip": "::ffff:172.19.0.1",
  "success": true
}
2026-08-15 06:43:29 [INFO]: Login Attempt
{
  "service": "auth",
  "userId": 1055,
  "email": "abc4545@gmail.com",
  "ip": "::ffff:172.19.0.1",
  "success": true
}
2026-08-15 06:43:35 [INFO]: Login Attempt
{
  "service": "auth",
  "userId": 1055,
  "email": "abc4545@gmail.com",
  "ip": "::ffff:172.19.0.1",
  "success": true
}
2026-08-15 06:43:35 [INFO]: Login Attempt
{
  "service": "auth",
  "userId": 1055,
  "email": "abc4545@gmail.com",
  "ip": "::ffff:172.19.0.1",
  "success": true
}
2026-08-15 06:43:35 [INFO]: Login Attempt
{
  "service": "auth",
  "userId": 1055,
  "email": "abc4545@gmail.com",
  "ip": "::ffff:172.19.0.1",
  "success": true
}
2026-08-15 06:43:35 [INFO]: Login Attempt
{
  "service": "auth",
  "userId": 1055,
  "email": "abc4545@gmail.com",
  "ip": "::ffff:172.19.0.1",
  "success": true
}
2026-08-15 06:43:42 [INFO]: Login Attempt
{
  "service": "auth",
  "userId": 1055,
  "email": "abc4545@gmail.com",
  "ip": "::ffff:172.19.0.1",
  "success": true
}
2026-08-15 06:43:42 [INFO]: User Logout
{
  "service": "auth",
  "userId": 1055,
  "email": "abc4545@gmail.com"
}
2026-08-15 06:43:47 [INFO]: Login Attempt
{
  "service": "auth",
  "userId": 1,
  "email": "admin@gym.com",
  "ip": "",
  "success": true
}
2026-08-15 06:43:47 [INFO]: Login Attempt
{
  "service": "auth",
  "userId": 1,
  "email": "admin@gym.com",
  "ip": "::ffff:172.19.0.1",
  "success": true
}
2026-08-15 06:43:47 [INFO]: Login Attempt
{
  "service": "auth",
  "userId": 1,
  "email": "admin@gym.com",
  "ip": "::ffff:172.19.0.1",
  "success": true
}
2026-08-15 06:43:51 [INFO]: Login Attempt
{
  "service": "auth",
  "userId": 1,
  "email": "admin@gym.com",
  "ip": "::ffff:172.19.0.1",
  "success": true
}
2026-08-15 06:43:51 [INFO]: Login Attempt
{
  "service": "auth",
  "userId": 1,
  "email": "admin@gym.com",
  "ip": "::ffff:172.19.0.1",
  "success": true
}
2026-08-15 06:43:57 [INFO]: Login Attempt
{
  "service": "auth",
  "userId": 1,
  "email": "admin@gym.com",
  "ip": "::ffff:172.19.0.1",
  "success": true
}
2026-08-15 06:43:57 [INFO]: Login Attempt
{
  "service": "auth",
  "userId": 1,
  "email": "admin@gym.com",
  "ip": "::ffff:172.19.0.1",
  "success": true
}
2026-08-15 06:44:07 [INFO]: Login Attempt
{
  "service": "auth",
  "userId": 1,
  "email": "admin@gym.com",
  "ip": "::ffff:172.19.0.1",
  "success": true
}
2026-08-15 06:44:07 [INFO]: Login Attempt
{
  "service": "auth",
  "userId": 1,
  "email": "admin@gym.com",
  "ip": "::ffff:172.19.0.1",
  "success": true
}
2026-08-15 06:44:15 [INFO]: Login Attempt
{
  "service": "auth",
  "userId": 1,
  "email": "admin@gym.com",
  "ip": "::ffff:172.19.0.1",
  "success": true
}
2026-08-15 06:44:15 [INFO]: User Logout
{
  "service": "auth",
  "userId": 1,
  "email": "admin@gym.com"
}
2026-08-15 06:44:20 [INFO]: Login Attempt
{
  "service": "auth",
  "userId": 3,
  "email": "trainer@gym.com",
  "ip": "",
  "success": true
}
2026-08-15 06:44:20 [INFO]: Login Attempt
{
  "service": "auth",
  "userId": 3,
  "email": "trainer@gym.com",
  "ip": "::ffff:172.19.0.1",
  "success": true
}
2026-08-15 06:44:20 [INFO]: Login Attempt
{
  "service": "auth",
  "userId": 3,
  "email": "trainer@gym.com",
  "ip": "::ffff:172.19.0.1",
  "success": true
}
2026-08-15 06:44:20 [INFO]: Login Attempt
{
  "service": "auth",
  "userId": 3,
  "email": "trainer@gym.com",
  "ip": "::ffff:172.19.0.1",
  "success": true
}
2026-08-15 06:44:21 [INFO]: Login Attempt
{
  "service": "auth",
  "userId": 3,
  "email": "trainer@gym.com",
  "ip": "::ffff:172.19.0.1",
  "success": true
}
2026-08-15 06:44:21 [INFO]: Login Attempt
{
  "service": "auth",
  "userId": 3,
  "email": "trainer@gym.com",
  "ip": "::ffff:172.19.0.1",
  "success": true
}
2026-08-15 06:44:21 [INFO]: Login Attempt
{
  "service": "auth",
  "userId": 3,
  "email": "trainer@gym.com",
  "ip": "::ffff:172.19.0.1",
  "success": true
}
2026-08-15 06:44:43 [INFO]: Login Attempt
{
  "service": "auth",
  "userId": 3,
  "email": "trainer@gym.com",
  "ip": "::ffff:172.19.0.1",
  "success": true
}
2026-08-15 06:44:43 [INFO]: User Logout
{
  "service": "auth",
  "userId": 3,
  "email": "trainer@gym.com"
}
2026-08-15 06:44:49 [INFO]: Login Attempt
{
  "service": "auth",
  "userId": 1055,
  "email": "abc4545@gmail.com",
  "ip": "",
  "success": true
}
2026-08-15 06:44:49 [INFO]: Login Attempt
{
  "service": "auth",
  "userId": 1055,
  "email": "abc4545@gmail.com",
  "ip": "::ffff:172.19.0.1",
  "success": true
}
2026-08-15 06:44:49 [INFO]: Login Attempt
{
  "service": "auth",
  "userId": 1055,
  "email": "abc4545@gmail.com",
  "ip": "::ffff:172.19.0.1",
  "success": true
}
2026-08-15 06:44:51 [INFO]: Login Attempt
{
  "service": "auth",
  "userId": 1055,
  "email": "abc4545@gmail.com",
  "ip": "::ffff:172.19.0.1",
  "success": true
}
2026-08-15 06:44:51 [INFO]: Login Attempt
{
  "service": "auth",
  "userId": 1055,
  "email": "abc4545@gmail.com",
  "ip": "::ffff:172.19.0.1",
  "success": true
}
2026-08-15 06:45:29 [INFO]: Login Attempt
{
  "service": "auth",
  "userId": 1055,
  "email": "abc4545@gmail.com",
  "ip": "::ffff:172.19.0.1",
  "success": true
}
2026-08-15 06:45:29 [INFO]: Login Attempt
{
  "service": "auth",
  "userId": 1055,
  "email": "abc4545@gmail.com",
  "ip": "::ffff:172.19.0.1",
  "success": true
}
2026-08-15 06:45:29 [WARN]: 404 Not Found
{
  "path": "/api/progress/exercises?limit=100",
  "method": "GET",
  "ip": "::ffff:172.19.0.1",
  "userAgent": "Mozilla/5.0 (Macintosh; Intel Mac OS X 10_15_7) AppleWebKit/605.1.15 (KHTML, like Gecko) Version/18.6 Safari/605.1.15",
  "referer": "http://localhost:3001/"
}
2026-08-15 06:45:30 [INFO]: Login Attempt
{
  "service": "auth",
  "userId": 1055,
  "email": "abc4545@gmail.com",
  "ip": "::ffff:172.19.0.1",
  "success": true
}
2026-08-15 06:45:31 [INFO]: Login Attempt
{
  "service": "auth",
  "userId": 1055,
  "email": "abc4545@gmail.com",
  "ip": "::ffff:172.19.0.1",
  "success": true
}
2026-08-15 06:45:31 [INFO]: Login Attempt
{
  "service": "auth",
  "userId": 1055,
  "email": "abc4545@gmail.com",
  "ip": "::ffff:172.19.0.1",
  "success": true
}
2026-08-15 06:45:31 [WARN]: 404 Not Found
{
  "path": "/api/progress/exercises?limit=100",
  "method": "GET",
  "ip": "::ffff:172.19.0.1",
  "userAgent": "Mozilla/5.0 (Macintosh; Intel Mac OS X 10_15_7) AppleWebKit/605.1.15 (KHTML, like Gecko) Version/18.6 Safari/605.1.15",
  "referer": "http://localhost:3001/"
}
2026-08-15 06:45:31 [INFO]: Login Attempt
{
  "service": "auth",
  "userId": 1055,
  "email": "abc4545@gmail.com",
  "ip": "::ffff:172.19.0.1",
  "success": true
}
2026-08-15 06:45:31 [WARN]: 404 Not Found
{
  "path": "/api/progress/exercises?limit=100",
  "method": "GET",
  "ip": "::ffff:172.19.0.1",
  "userAgent": "Mozilla/5.0 (Macintosh; Intel Mac OS X 10_15_7) AppleWebKit/605.1.15 (KHTML, like Gecko) Version/18.6 Safari/605.1.15",
  "referer": "http://localhost:3001/"
}
2026-08-15 06:45:31 [INFO]: Login Attempt
{
  "service": "auth",
  "userId": 1055,
  "email": "abc4545@gmail.com",
  "ip": "::ffff:172.19.0.1",
  "success": true
}
2026-08-15 06:45:33 [INFO]: Login Attempt
{
  "service": "auth",
  "userId": 1055,
  "email": "abc4545@gmail.com",
  "ip": "::ffff:172.19.0.1",
  "success": true
}
2026-08-15 06:45:33 [INFO]: Login Attempt
{
  "service": "auth",
  "userId": 1055,
  "email": "abc4545@gmail.com",
  "ip": "::ffff:172.19.0.1",
  "success": true
}
2026-08-15 06:45:44 [INFO]: Login Attempt
{
  "service": "auth",
  "userId": 1055,
  "email": "abc4545@gmail.com",
  "ip": "::ffff:172.19.0.1",
  "success": true
}
2026-08-15 06:45:45 [INFO]: Login Attempt
{
  "service": "auth",
  "userId": 1055,
  "email": "abc4545@gmail.com",
  "ip": "::ffff:172.19.0.1",
  "success": true
}
2026-08-15 06:45:47 [INFO]: Login Attempt
{
  "service": "auth",
  "userId": 1055,
  "email": "abc4545@gmail.com",
  "ip": "::ffff:172.19.0.1",
  "success": true
}
2026-08-15 06:45:47 [INFO]: Login Attempt
{
  "service": "auth",
  "userId": 1055,
  "email": "abc4545@gmail.com",
  "ip": "::ffff:172.19.0.1",
  "success": true
}
2026-08-15 06:45:48 [INFO]: Login Attempt
{
  "service": "auth",
  "userId": 1055,
  "email": "abc4545@gmail.com",
  "ip": "::ffff:172.19.0.1",
  "success": true
}
2026-08-15 06:45:50 [INFO]: Login Attempt
{
  "service": "auth",
  "userId": 1055,
  "email": "abc4545@gmail.com",
  "ip": "::ffff:172.19.0.1",
  "success": true
}
2026-08-15 06:46:33 [INFO]: Login Attempt
{
  "service": "auth",
  "userId": 1055,
  "email": "abc4545@gmail.com",
  "ip": "::ffff:172.19.0.1",
  "success": true
}
2026-08-15 06:46:33 [INFO]: User Logout
{
  "service": "auth",
  "userId": 1055,
  "email": "abc4545@gmail.com"
}
2026-08-15 06:46:36 [INFO]: Login Attempt
{
  "service": "auth",
  "userId": 5,
  "email": "member@gym.com",
  "ip": "",
  "success": true
}
2026-08-15 06:46:36 [INFO]: Login Attempt
{
  "service": "auth",
  "userId": 5,
  "email": "member@gym.com",
  "ip": "::ffff:172.19.0.1",
  "success": true
}
2026-08-15 06:46:36 [INFO]: Login Attempt
{
  "service": "auth",
  "userId": 5,
  "email": "member@gym.com",
  "ip": "::ffff:172.19.0.1",
  "success": true
}
2026-08-15 06:46:38 [INFO]: Login Attempt
{
  "service": "auth",
  "userId": 5,
  "email": "member@gym.com",
  "ip": "::ffff:172.19.0.1",
  "success": true
}
2026-08-15 06:46:38 [INFO]: Login Attempt
{
  "service": "auth",
  "userId": 5,
  "email": "member@gym.com",
  "ip": "::ffff:172.19.0.1",
  "success": true
}
2026-08-15 06:46:39 [INFO]: Login Attempt
{
  "service": "auth",
  "userId": 5,
  "email": "member@gym.com",
  "ip": "::ffff:172.19.0.1",
  "success": true
}
2026-08-15 06:46:45 [INFO]: Login Attempt
{
  "service": "auth",
  "userId": 5,
  "email": "member@gym.com",
  "ip": "::ffff:172.19.0.1",
  "success": true
}
2026-08-15 06:46:45 [INFO]: User Logout
{
  "service": "auth",
  "userId": 5,
  "email": "member@gym.com"
}
2026-08-15 06:49:49 [INFO]: Database connection established successfully (development)
2026-08-15 06:49:49 [INFO]: Database ready for use (using migrations)
2026-08-15 06:49:49 [INFO]: Database connected successfully
2026-08-15 06:49:49 [INFO]: Session store configured (memory store)
2026-08-15 06:49:49 [INFO]: Redis session store configured
2026-08-15 06:49:49 [INFO]: 🚀 Server running on port 5000 in development mode
2026-08-15 06:49:49 [INFO]: 📊 API Health: http://localhost:5000/api/health
2026-08-15 06:49:49 [INFO]: 📖 API Docs: http://localhost:5000/api/docs
2026-08-15 06:58:59 [INFO]: Login Attempt
{
  "service": "auth",
  "userId": 1055,
  "email": "abc4545@gmail.com",
  "ip": "",
  "success": true
}
2026-08-15 06:58:59 [INFO]: Login Attempt
{
  "service": "auth",
  "userId": 1055,
  "email": "abc4545@gmail.com",
  "ip": "::ffff:172.19.0.1",
  "success": true
}
2026-08-15 06:58:59 [INFO]: Redis Client Connected
2026-08-15 06:58:59 [INFO]: Redis Client Ready
2026-08-15 06:58:59 [INFO]: Redis Client Connected
2026-08-15 06:58:59 [INFO]: Redis Client Ready
2026-08-15 06:58:59 [INFO]: Login Attempt
{
  "service": "auth",
  "userId": 1055,
  "email": "abc4545@gmail.com",
  "ip": "::ffff:172.19.0.1",
  "success": true
}
2026-08-15 06:58:59 [INFO]: Login Attempt
{
  "service": "auth",
  "userId": 1055,
  "email": "abc4545@gmail.com",
  "ip": "::ffff:172.19.0.1",
  "success": true
}
2026-08-15 06:59:01 [INFO]: Login Attempt
{
  "service": "auth",
  "userId": 1055,
  "email": "abc4545@gmail.com",
  "ip": "::ffff:172.19.0.1",
  "success": true
}
2026-08-15 06:59:01 [INFO]: Login Attempt
{
  "service": "auth",
  "userId": 1055,
  "email": "abc4545@gmail.com",
  "ip": "::ffff:172.19.0.1",
  "success": true
}
2026-08-15 06:59:01 [INFO]: Login Attempt
{
  "service": "auth",
  "userId": 1055,
  "email": "abc4545@gmail.com",
  "ip": "::ffff:172.19.0.1",
  "success": true
}
2026-08-15 06:59:07 [INFO]: Login Attempt
{
  "service": "auth",
  "userId": 1055,
  "email": "abc4545@gmail.com",
  "ip": "::ffff:172.19.0.1",
  "success": true
}
2026-08-15 06:59:07 [INFO]: Login Attempt
{
  "service": "auth",
  "userId": 1055,
  "email": "abc4545@gmail.com",
  "ip": "::ffff:172.19.0.1",
  "success": true
}
2026-08-15 06:59:07 [INFO]: Login Attempt
{
  "service": "auth",
  "userId": 1055,
  "email": "abc4545@gmail.com",
  "ip": "::ffff:172.19.0.1",
  "success": true
}
2026-08-15 06:59:12 [INFO]: Login Attempt
{
  "service": "auth",
  "userId": 1055,
  "email": "abc4545@gmail.com",
  "ip": "::ffff:172.19.0.1",
  "success": true
}
2026-08-15 06:59:12 [INFO]: User Logout
{
  "service": "auth",
  "userId": 1055,
  "email": "abc4545@gmail.com"
}
2026-08-15 06:59:17 [INFO]: Login Attempt
{
  "service": "auth",
  "userId": 1,
  "email": "admin@gym.com",
  "ip": "",
  "success": true
}
2026-08-15 06:59:17 [INFO]: Login Attempt
{
  "service": "auth",
  "userId": 1,
  "email": "admin@gym.com",
  "ip": "::ffff:172.19.0.1",
  "success": true
}
2026-08-15 06:59:17 [INFO]: Login Attempt
{
  "service": "auth",
  "userId": 1,
  "email": "admin@gym.com",
  "ip": "::ffff:172.19.0.1",
  "success": true
}
2026-08-15 06:59:18 [INFO]: Login Attempt
{
  "service": "auth",
  "userId": 1,
  "email": "admin@gym.com",
  "ip": "::ffff:172.19.0.1",
  "success": true
}
2026-08-15 06:59:18 [INFO]: Login Attempt
{
  "service": "auth",
  "userId": 1,
  "email": "admin@gym.com",
  "ip": "::ffff:172.19.0.1",
  "success": true
}
2026-08-15 06:59:20 [INFO]: Login Attempt
{
  "service": "auth",
  "userId": 1,
  "email": "admin@gym.com",
  "ip": "::ffff:172.19.0.1",
  "success": true
}
2026-08-15 06:59:20 [INFO]: Login Attempt
{
  "service": "auth",
  "userId": 1,
  "email": "admin@gym.com",
  "ip": "::ffff:172.19.0.1",
  "success": true
}
2026-08-15 06:59:33 [INFO]: Login Attempt
{
  "service": "auth",
  "userId": 1,
  "email": "admin@gym.com",
  "ip": "::ffff:172.19.0.1",
  "success": true
}
2026-08-15 06:59:33 [WARN]: Client Error 400: Hội viên chưa có gói tập đang hoạt động (chưa hoàn tất thanh toán/kích hoạt gói tập). Vui lòng đăng ký và thanh toán gói tập trước khi phân công HLV.
{
  "url": "/api/members/1050/assign-trainer",
  "method": "PUT",
  "ip": "::ffff:172.19.0.1",
  "userAgent": "Mozilla/5.0 (Macintosh; Intel Mac OS X 10_15_7) AppleWebKit/605.1.15 (KHTML, like Gecko) Version/18.6 Safari/605.1.15",
  "userId": 1,
  "body": {
    "trainerId": 2
  },
  "params": {},
  "query": {}
}
2026-08-15 06:59:43 [INFO]: Login Attempt
{
  "service": "auth",
  "userId": 1,
  "email": "admin@gym.com",
  "ip": "::ffff:172.19.0.1",
  "success": true
}
2026-08-15 06:59:43 [INFO]: Login Attempt
{
  "service": "auth",
  "userId": 1,
  "email": "admin@gym.com",
  "ip": "::ffff:172.19.0.1",
  "success": true
}
2026-08-15 06:59:54 [INFO]: Login Attempt
{
  "service": "auth",
  "userId": 1,
  "email": "admin@gym.com",
  "ip": "::ffff:172.19.0.1",
  "success": true
}
2026-08-15 06:59:54 [WARN]: Client Error 400: Gói tập hiện tại (Gói Cơ Bản - 1 Tháng) không hỗ trợ dịch vụ Huấn luyện viên cá nhân.
{
  "url": "/api/members/1051/assign-trainer",
  "method": "PUT",
  "ip": "::ffff:172.19.0.1",
  "userAgent": "Mozilla/5.0 (Macintosh; Intel Mac OS X 10_15_7) AppleWebKit/605.1.15 (KHTML, like Gecko) Version/18.6 Safari/605.1.15",
  "userId": 1,
  "body": {
    "trainerId": 1
  },
  "params": {},
  "query": {}
}
2026-08-15 07:00:00 [INFO]: Login Attempt
{
  "service": "auth",
  "userId": 1,
  "email": "admin@gym.com",
  "ip": "::ffff:172.19.0.1",
  "success": true
}
2026-08-15 07:00:00 [INFO]: Login Attempt
{
  "service": "auth",
  "userId": 1,
  "email": "admin@gym.com",
  "ip": "::ffff:172.19.0.1",
  "success": true
}
2026-08-15 07:03:12 [INFO]: Login Attempt
{
  "service": "auth",
  "userId": 1,
  "email": "admin@gym.com",
  "ip": "::ffff:172.19.0.1",
  "success": true
}
2026-08-15 07:03:12 [INFO]: Login Attempt
{
  "service": "auth",
  "userId": 1,
  "email": "admin@gym.com",
  "ip": "::ffff:172.19.0.1",
  "success": true
}
2026-08-15 07:03:12 [INFO]: Login Attempt
{
  "service": "auth",
  "userId": 1,
  "email": "admin@gym.com",
  "ip": "::ffff:172.19.0.1",
  "success": true
}
2026-08-15 07:03:12 [INFO]: Login Attempt
{
  "service": "auth",
  "userId": 1,
  "email": "admin@gym.com",
  "ip": "::ffff:172.19.0.1",
  "success": true
}
2026-08-15 07:03:12 [INFO]: Login Attempt
{
  "service": "auth",
  "userId": 1,
  "email": "admin@gym.com",
  "ip": "::ffff:172.19.0.1",
  "success": true
}
2026-08-15 07:03:28 [INFO]: Login Attempt
{
  "service": "auth",
  "userId": 1,
  "email": "admin@gym.com",
  "ip": "::ffff:172.19.0.1",
  "success": true
}
2026-08-15 07:03:28 [INFO]: Login Attempt
{
  "service": "auth",
  "userId": 1,
  "email": "admin@gym.com",
  "ip": "::ffff:172.19.0.1",
  "success": true
}
2026-08-15 07:04:18 [INFO]: Login Attempt
{
  "service": "auth",
  "userId": 1,
  "email": "admin@gym.com",
  "ip": "::ffff:172.19.0.1",
  "success": true
}
2026-08-15 07:04:18 [INFO]: Login Attempt
{
  "service": "auth",
  "userId": 1,
  "email": "admin@gym.com",
  "ip": "::ffff:172.19.0.1",
  "success": true
}
2026-08-15 07:04:18 [INFO]: Login Attempt
{
  "service": "auth",
  "userId": 1,
  "email": "admin@gym.com",
  "ip": "::ffff:172.19.0.1",
  "success": true
}
2026-08-15 07:04:18 [INFO]: Login Attempt
{
  "service": "auth",
  "userId": 1,
  "email": "admin@gym.com",
  "ip": "::ffff:172.19.0.1",
  "success": true
}
2026-08-15 07:04:18 [INFO]: Login Attempt
{
  "service": "auth",
  "userId": 1,
  "email": "admin@gym.com",
  "ip": "::ffff:172.19.0.1",
  "success": true
}
2026-08-15 07:04:18 [INFO]: Login Attempt
{
  "service": "auth",
  "userId": 1,
  "email": "admin@gym.com",
  "ip": "::ffff:172.19.0.1",
  "success": true
}
2026-08-15 07:04:22 [INFO]: Login Attempt
{
  "service": "auth",
  "userId": 1,
  "email": "admin@gym.com",
  "ip": "::ffff:172.19.0.1",
  "success": true
}
2026-08-15 07:04:22 [WARN]: Client Error 400: Validation failed: trainerId: Trainer ID must be a positive integer
{
  "url": "/api/members/1050/assign-trainer",
  "method": "PUT",
  "ip": "::ffff:172.19.0.1",
  "userAgent": "Mozilla/5.0 (Macintosh; Intel Mac OS X 10_15_7) AppleWebKit/605.1.15 (KHTML, like Gecko) Version/18.6 Safari/605.1.15",
  "userId": 1,
  "body": {
    "trainerId": 0
  },
  "params": {},
  "query": {}
}
2026-08-15 07:05:19 [INFO]: Login Attempt
{
  "service": "auth",
  "userId": 1,
  "email": "admin@gym.com",
  "ip": "::ffff:172.19.0.1",
  "success": true
}
2026-08-15 07:05:19 [WARN]: Client Error 400: Validation failed: trainerId: Trainer ID must be a positive integer
{
  "url": "/api/members/1050/assign-trainer",
  "method": "PUT",
  "ip": "::ffff:172.19.0.1",
  "userAgent": "Mozilla/5.0 (Macintosh; Intel Mac OS X 10_15_7) AppleWebKit/605.1.15 (KHTML, like Gecko) Version/18.6 Safari/605.1.15",
  "userId": 1,
  "body": {
    "trainerId": 0
  },
  "params": {},
  "query": {}
}
2026-08-15 07:05:21 [INFO]: Login Attempt
{
  "service": "auth",
  "userId": 1,
  "email": "admin@gym.com",
  "ip": "::ffff:172.19.0.1",
  "success": true
}
2026-08-15 07:05:21 [INFO]: Login Attempt
{
  "service": "auth",
  "userId": 1,
  "email": "admin@gym.com",
  "ip": "::ffff:172.19.0.1",
  "success": true
}
2026-08-15 07:05:21 [INFO]: Login Attempt
{
  "service": "auth",
  "userId": 1,
  "email": "admin@gym.com",
  "ip": "::ffff:172.19.0.1",
  "success": true
}
2026-08-15 07:05:21 [INFO]: Login Attempt
{
  "service": "auth",
  "userId": 1,
  "email": "admin@gym.com",
  "ip": "::ffff:172.19.0.1",
  "success": true
}
2026-08-15 07:05:21 [INFO]: Login Attempt
{
  "service": "auth",
  "userId": 1,
  "email": "admin@gym.com",
  "ip": "::ffff:172.19.0.1",
  "success": true
}
2026-08-15 07:05:21 [INFO]: Login Attempt
{
  "service": "auth",
  "userId": 1,
  "email": "admin@gym.com",
  "ip": "::ffff:172.19.0.1",
  "success": true
}
2026-08-15 07:06:00 [INFO]: Login Attempt
{
  "service": "auth",
  "userId": 1,
  "email": "admin@gym.com",
  "ip": "::ffff:172.19.0.1",
  "success": true
}
2026-08-15 07:06:00 [WARN]: Client Error 400: Hội viên chưa có gói tập đang hoạt động (chưa hoàn tất thanh toán/kích hoạt gói tập). Vui lòng đăng ký và thanh toán gói tập trước khi phân công HLV.
{
  "url": "/api/members/1050/assign-trainer",
  "method": "PUT",
  "ip": "::ffff:172.19.0.1",
  "userAgent": "Mozilla/5.0 (Macintosh; Intel Mac OS X 10_15_7) AppleWebKit/605.1.15 (KHTML, like Gecko) Version/18.6 Safari/605.1.15",
  "userId": 1,
  "body": {
    "trainerId": 1
  },
  "params": {},
  "query": {}
}
2026-08-15 07:06:04 [INFO]: Login Attempt
{
  "service": "auth",
  "userId": 1,
  "email": "admin@gym.com",
  "ip": "::ffff:172.19.0.1",
  "success": true
}
2026-08-15 07:06:04 [WARN]: Client Error 400: Hội viên chưa có gói tập đang hoạt động (chưa hoàn tất thanh toán/kích hoạt gói tập). Vui lòng đăng ký và thanh toán gói tập trước khi phân công HLV.
{
  "url": "/api/members/1050/assign-trainer",
  "method": "PUT",
  "ip": "::ffff:172.19.0.1",
  "userAgent": "Mozilla/5.0 (Macintosh; Intel Mac OS X 10_15_7) AppleWebKit/605.1.15 (KHTML, like Gecko) Version/18.6 Safari/605.1.15",
  "userId": 1,
  "body": {
    "trainerId": 2
  },
  "params": {},
  "query": {}
}
2026-08-15 07:06:50 [INFO]: Login Attempt
{
  "service": "auth",
  "userId": 1,
  "email": "admin@gym.com",
  "ip": "::ffff:172.19.0.1",
  "success": true
}
2026-08-15 07:06:50 [INFO]: New Member Registered
{
  "memberId": 1056,
  "memberCode": "M260010",
  "service": "business"
}
2026-08-15 07:06:50 [INFO]: Login Attempt
{
  "service": "auth",
  "userId": 1,
  "email": "admin@gym.com",
  "ip": "::ffff:172.19.0.1",
  "success": true
}
2026-08-15 07:06:50 [INFO]: Login Attempt
{
  "service": "auth",
  "userId": 1,
  "email": "admin@gym.com",
  "ip": "::ffff:172.19.0.1",
  "success": true
}
2026-08-15 07:07:00 [INFO]: Login Attempt
{
  "service": "auth",
  "userId": 1,
  "email": "admin@gym.com",
  "ip": "::ffff:172.19.0.1",
  "success": true
}
2026-08-15 07:07:00 [INFO]: User Logout
{
  "service": "auth",
  "userId": 1,
  "email": "admin@gym.com"
}
2026-08-15 07:07:08 [INFO]: Login Attempt
{
  "service": "auth",
  "userId": 1056,
  "email": "acb9090@gmail.com",
  "ip": "",
  "success": true
}
2026-08-15 07:07:08 [INFO]: Login Attempt
{
  "service": "auth",
  "userId": 1056,
  "email": "acb9090@gmail.com",
  "ip": "::ffff:172.19.0.1",
  "success": true
}
2026-08-15 07:07:08 [INFO]: Login Attempt
{
  "service": "auth",
  "userId": 1056,
  "email": "acb9090@gmail.com",
  "ip": "::ffff:172.19.0.1",
  "success": true
}
2026-08-15 07:07:08 [INFO]: Login Attempt
{
  "service": "auth",
  "userId": 1056,
  "email": "acb9090@gmail.com",
  "ip": "::ffff:172.19.0.1",
  "success": true
}
2026-08-15 07:07:11 [INFO]: Login Attempt
{
  "service": "auth",
  "userId": 1056,
  "email": "acb9090@gmail.com",
  "ip": "::ffff:172.19.0.1",
  "success": true
}
2026-08-15 07:07:11 [INFO]: Login Attempt
{
  "service": "auth",
  "userId": 1056,
  "email": "acb9090@gmail.com",
  "ip": "::ffff:172.19.0.1",
  "success": true
}
2026-08-15 07:07:11 [INFO]: Login Attempt
{
  "service": "auth",
  "userId": 1056,
  "email": "acb9090@gmail.com",
  "ip": "::ffff:172.19.0.1",
  "success": true
}
2026-08-15 07:07:11 [INFO]: Login Attempt
{
  "service": "auth",
  "userId": 1056,
  "email": "acb9090@gmail.com",
  "ip": "::ffff:172.19.0.1",
  "success": true
}
2026-08-15 07:07:11 [INFO]: Login Attempt
{
  "service": "auth",
  "userId": 1056,
  "email": "acb9090@gmail.com",
  "ip": "::ffff:172.19.0.1",
  "success": true
}
2026-08-15 07:07:12 [INFO]: Login Attempt
{
  "service": "auth",
  "userId": 1056,
  "email": "acb9090@gmail.com",
  "ip": "::ffff:172.19.0.1",
  "success": true
}
2026-08-15 07:07:12 [INFO]: Login Attempt
{
  "service": "auth",
  "userId": 1056,
  "email": "acb9090@gmail.com",
  "ip": "::ffff:172.19.0.1",
  "success": true
}
2026-08-15 07:07:12 [INFO]: Login Attempt
{
  "service": "auth",
  "userId": 1056,
  "email": "acb9090@gmail.com",
  "ip": "::ffff:172.19.0.1",
  "success": true
}
2026-08-15 07:07:22 [INFO]: Login Attempt
{
  "service": "auth",
  "userId": 1056,
  "email": "acb9090@gmail.com",
  "ip": "::ffff:172.19.0.1",
  "success": true
}
2026-08-15 07:07:23 [INFO]: Login Attempt
{
  "service": "auth",
  "userId": 1056,
  "email": "acb9090@gmail.com",
  "ip": "::ffff:172.19.0.1",
  "success": true
}
2026-08-15 07:07:23 [INFO]: Login Attempt
{
  "service": "auth",
  "userId": 1056,
  "email": "acb9090@gmail.com",
  "ip": "::ffff:172.19.0.1",
  "success": true
}
2026-08-15 07:07:23 [INFO]: Login Attempt
{
  "service": "auth",
  "userId": 1056,
  "email": "acb9090@gmail.com",
  "ip": "::ffff:172.19.0.1",
  "success": true
}
2026-08-15 07:07:23 [WARN]: 404 Not Found
{
  "path": "/api/progress/exercises?limit=100",
  "method": "GET",
  "ip": "::ffff:172.19.0.1",
  "userAgent": "Mozilla/5.0 (Macintosh; Intel Mac OS X 10_15_7) AppleWebKit/605.1.15 (KHTML, like Gecko) Version/18.6 Safari/605.1.15",
  "referer": "http://localhost:3001/"
}
2026-08-15 07:07:24 [INFO]: Login Attempt
{
  "service": "auth",
  "userId": 1056,
  "email": "acb9090@gmail.com",
  "ip": "::ffff:172.19.0.1",
  "success": true
}
2026-08-15 07:07:24 [INFO]: Login Attempt
{
  "service": "auth",
  "userId": 1056,
  "email": "acb9090@gmail.com",
  "ip": "::ffff:172.19.0.1",
  "success": true
}
2026-08-15 07:07:24 [INFO]: Login Attempt
{
  "service": "auth",
  "userId": 1056,
  "email": "acb9090@gmail.com",
  "ip": "::ffff:172.19.0.1",
  "success": true
}
2026-08-15 07:07:24 [INFO]: Login Attempt
{
  "service": "auth",
  "userId": 1056,
  "email": "acb9090@gmail.com",
  "ip": "::ffff:172.19.0.1",
  "success": true
}
2026-08-15 07:07:32 [INFO]: Login Attempt
{
  "service": "auth",
  "userId": 1056,
  "email": "acb9090@gmail.com",
  "ip": "::ffff:172.19.0.1",
  "success": true
}
2026-08-15 07:07:32 [INFO]: Login Attempt
{
  "service": "auth",
  "userId": 1056,
  "email": "acb9090@gmail.com",
  "ip": "::ffff:172.19.0.1",
  "success": true
}
2026-08-15 07:07:32 [INFO]: Login Attempt
{
  "service": "auth",
  "userId": 1056,
  "email": "acb9090@gmail.com",
  "ip": "::ffff:172.19.0.1",
  "success": true
}
2026-08-15 07:07:32 [INFO]: Login Attempt
{
  "service": "auth",
  "userId": 1056,
  "email": "acb9090@gmail.com",
  "ip": "::ffff:172.19.0.1",
  "success": true
}
2026-08-15 07:07:35 [INFO]: Login Attempt
{
  "service": "auth",
  "userId": 1056,
  "email": "acb9090@gmail.com",
  "ip": "::ffff:172.19.0.1",
  "success": true
}
2026-08-15 07:07:35 [INFO]: Login Attempt
{
  "service": "auth",
  "userId": 1056,
  "email": "acb9090@gmail.com",
  "ip": "::ffff:172.19.0.1",
  "success": true
}
2026-08-15 07:07:35 [INFO]: Login Attempt
{
  "service": "auth",
  "userId": 1056,
  "email": "acb9090@gmail.com",
  "ip": "::ffff:172.19.0.1",
  "success": true
}
2026-08-15 07:07:35 [INFO]: Login Attempt
{
  "service": "auth",
  "userId": 1056,
  "email": "acb9090@gmail.com",
  "ip": "::ffff:172.19.0.1",
  "success": true
}
2026-08-15 07:07:43 [INFO]: Login Attempt
{
  "service": "auth",
  "userId": 1056,
  "email": "acb9090@gmail.com",
  "ip": "::ffff:172.19.0.1",
  "success": true
}
2026-08-15 07:07:43 [INFO]: Login Attempt
{
  "service": "auth",
  "userId": 1056,
  "email": "acb9090@gmail.com",
  "ip": "::ffff:172.19.0.1",
  "success": true
}
2026-08-15 07:07:43 [INFO]: Login Attempt
{
  "service": "auth",
  "userId": 1056,
  "email": "acb9090@gmail.com",
  "ip": "::ffff:172.19.0.1",
  "success": true
}
2026-08-15 07:07:43 [INFO]: Login Attempt
{
  "service": "auth",
  "userId": 1056,
  "email": "acb9090@gmail.com",
  "ip": "::ffff:172.19.0.1",
  "success": true
}
2026-08-15 07:07:43 [INFO]: Login Attempt
{
  "service": "auth",
  "userId": 1056,
  "email": "acb9090@gmail.com",
  "ip": "::ffff:172.19.0.1",
  "success": true
}
2026-08-15 07:07:43 [INFO]: Login Attempt
{
  "service": "auth",
  "userId": 1056,
  "email": "acb9090@gmail.com",
  "ip": "::ffff:172.19.0.1",
  "success": true
}
2026-08-15 07:07:45 [INFO]: Login Attempt
{
  "service": "auth",
  "userId": 1056,
  "email": "acb9090@gmail.com",
  "ip": "::ffff:172.19.0.1",
  "success": true
}
2026-08-15 07:07:45 [INFO]: Login Attempt
{
  "service": "auth",
  "userId": 1056,
  "email": "acb9090@gmail.com",
  "ip": "::ffff:172.19.0.1",
  "success": true
}
2026-08-15 07:07:45 [INFO]: Login Attempt
{
  "service": "auth",
  "userId": 1056,
  "email": "acb9090@gmail.com",
  "ip": "::ffff:172.19.0.1",
  "success": true
}
2026-08-15 07:07:51 [INFO]: Login Attempt
{
  "service": "auth",
  "userId": 1056,
  "email": "acb9090@gmail.com",
  "ip": "::ffff:172.19.0.1",
  "success": true
}
2026-08-15 07:07:52 [INFO]: Login Attempt
{
  "service": "auth",
  "userId": 1056,
  "email": "acb9090@gmail.com",
  "ip": "::ffff:172.19.0.1",
  "success": true
}
2026-08-15 07:07:53 [INFO]: Login Attempt
{
  "service": "auth",
  "userId": 1056,
  "email": "acb9090@gmail.com",
  "ip": "::ffff:172.19.0.1",
  "success": true
}
2026-08-15 07:07:53 [INFO]: Login Attempt
{
  "service": "auth",
  "userId": 1056,
  "email": "acb9090@gmail.com",
  "ip": "::ffff:172.19.0.1",
  "success": true
}
2026-08-15 07:07:56 [INFO]: Login Attempt
{
  "service": "auth",
  "userId": 1056,
  "email": "acb9090@gmail.com",
  "ip": "::ffff:172.19.0.1",
  "success": true
}
2026-08-15 07:07:59 [INFO]: Login Attempt
{
  "service": "auth",
  "userId": 1056,
  "email": "acb9090@gmail.com",
  "ip": "::ffff:172.19.0.1",
  "success": true
}
2026-08-15 07:08:08 [INFO]: Login Attempt
{
  "service": "auth",
  "userId": 1056,
  "email": "acb9090@gmail.com",
  "ip": "::ffff:172.19.0.1",
  "success": true
}
2026-08-15 07:08:08 [INFO]: User Logout
{
  "service": "auth",
  "userId": 1056,
  "email": "acb9090@gmail.com"
}
2026-08-15 07:08:11 [INFO]: Login Attempt
{
  "service": "auth",
  "userId": 3,
  "email": "trainer@gym.com",
  "ip": "",
  "success": true
}
2026-08-15 07:08:11 [INFO]: Login Attempt
{
  "service": "auth",
  "userId": 3,
  "email": "trainer@gym.com",
  "ip": "::ffff:172.19.0.1",
  "success": true
}
2026-08-15 07:08:11 [INFO]: Login Attempt
{
  "service": "auth",
  "userId": 3,
  "email": "trainer@gym.com",
  "ip": "::ffff:172.19.0.1",
  "success": true
}
2026-08-15 07:08:11 [INFO]: Login Attempt
{
  "service": "auth",
  "userId": 3,
  "email": "trainer@gym.com",
  "ip": "::ffff:172.19.0.1",
  "success": true
}
2026-08-15 07:08:13 [INFO]: Login Attempt
{
  "service": "auth",
  "userId": 3,
  "email": "trainer@gym.com",
  "ip": "::ffff:172.19.0.1",
  "success": true
}
2026-08-15 07:08:13 [INFO]: Login Attempt
{
  "service": "auth",
  "userId": 3,
  "email": "trainer@gym.com",
  "ip": "::ffff:172.19.0.1",
  "success": true
}
2026-08-15 07:08:13 [INFO]: Login Attempt
{
  "service": "auth",
  "userId": 3,
  "email": "trainer@gym.com",
  "ip": "::ffff:172.19.0.1",
  "success": true
}
2026-08-15 07:14:16 [INFO]: Database connection established successfully (development)
2026-08-15 07:14:16 [INFO]: Database ready for use (using migrations)
2026-08-15 07:14:16 [INFO]: Database connected successfully
2026-08-15 07:14:16 [INFO]: Session store configured (memory store)
2026-08-15 07:14:16 [INFO]: Redis session store configured
2026-08-15 07:14:16 [INFO]: 🚀 Server running on port 5000 in development mode
2026-08-15 07:14:16 [INFO]: 📊 API Health: http://localhost:5000/api/health
2026-08-15 07:14:16 [INFO]: 📖 API Docs: http://localhost:5000/api/docs
2026-08-15 07:17:16 [INFO]: Database connection established successfully (development)
2026-08-15 07:17:16 [INFO]: Database ready for use (using migrations)
2026-08-15 07:17:16 [INFO]: Database connected successfully
2026-08-15 07:17:16 [INFO]: Session store configured (memory store)
2026-08-15 07:17:16 [INFO]: Redis session store configured
2026-08-15 07:17:16 [INFO]: 🚀 Server running on port 5000 in development mode
2026-08-15 07:17:16 [INFO]: 📊 API Health: http://localhost:5000/api/health
2026-08-15 07:17:16 [INFO]: 📖 API Docs: http://localhost:5000/api/docs
2026-08-15 07:18:19 [INFO]: Redis Client Connected
2026-08-15 07:18:19 [INFO]: Redis Client Ready
2026-08-15 07:18:19 [INFO]: Login Attempt
{
  "service": "auth",
  "userId": 3,
  "email": "trainer@gym.com",
  "ip": "::ffff:172.19.0.1",
  "success": true
}
2026-08-15 07:18:19 [INFO]: Login Attempt
{
  "service": "auth",
  "userId": 3,
  "email": "trainer@gym.com",
  "ip": "::ffff:172.19.0.1",
  "success": true
}
2026-08-15 07:18:19 [INFO]: Login Attempt
{
  "service": "auth",
  "userId": 3,
  "email": "trainer@gym.com",
  "ip": "::ffff:172.19.0.1",
  "success": true
}
2026-08-15 07:19:51 [INFO]: Login Attempt
{
  "service": "auth",
  "userId": 3,
  "email": "trainer@gym.com",
  "ip": "::ffff:172.19.0.1",
  "success": true
}
2026-08-15 07:19:55 [INFO]: Login Attempt
{
  "service": "auth",
  "userId": 3,
  "email": "trainer@gym.com",
  "ip": "::ffff:172.19.0.1",
  "success": true
}
2026-08-15 07:19:55 [INFO]: Login Attempt
{
  "service": "auth",
  "userId": 3,
  "email": "trainer@gym.com",
  "ip": "::ffff:172.19.0.1",
  "success": true
}
2026-08-15 07:19:55 [INFO]: Login Attempt
{
  "service": "auth",
  "userId": 3,
  "email": "trainer@gym.com",
  "ip": "::ffff:172.19.0.1",
  "success": true
}
2026-08-15 07:20:03 [INFO]: Login Attempt
{
  "service": "auth",
  "userId": 3,
  "email": "trainer@gym.com",
  "ip": "::ffff:172.19.0.1",
  "success": true
}
2026-08-15 07:20:03 [INFO]: Login Attempt
{
  "service": "auth",
  "userId": 3,
  "email": "trainer@gym.com",
  "ip": "::ffff:172.19.0.1",
  "success": true
}
2026-08-15 07:20:11 [INFO]: Login Attempt
{
  "service": "auth",
  "userId": 3,
  "email": "trainer@gym.com",
  "ip": "::ffff:172.19.0.1",
  "success": true
}
2026-08-15 07:20:11 [INFO]: Login Attempt
{
  "service": "auth",
  "userId": 3,
  "email": "trainer@gym.com",
  "ip": "::ffff:172.19.0.1",
  "success": true
}
2026-08-15 07:20:11 [INFO]: Login Attempt
{
  "service": "auth",
  "userId": 3,
  "email": "trainer@gym.com",
  "ip": "::ffff:172.19.0.1",
  "success": true
}
2026-08-15 07:20:11 [INFO]: Login Attempt
{
  "service": "auth",
  "userId": 3,
  "email": "trainer@gym.com",
  "ip": "::ffff:172.19.0.1",
  "success": true
}
2026-08-15 07:20:13 [INFO]: Login Attempt
{
  "service": "auth",
  "userId": 3,
  "email": "trainer@gym.com",
  "ip": "::ffff:172.19.0.1",
  "success": true
}
2026-08-15 07:20:13 [INFO]: Login Attempt
{
  "service": "auth",
  "userId": 3,
  "email": "trainer@gym.com",
  "ip": "::ffff:172.19.0.1",
  "success": true
}
2026-08-15 07:20:13 [INFO]: Login Attempt
{
  "service": "auth",
  "userId": 3,
  "email": "trainer@gym.com",
  "ip": "::ffff:172.19.0.1",
  "success": true
}
2026-08-15 07:20:13 [INFO]: Login Attempt
{
  "service": "auth",
  "userId": 3,
  "email": "trainer@gym.com",
  "ip": "::ffff:172.19.0.1",
  "success": true
}
2026-08-15 07:20:14 [INFO]: Login Attempt
{
  "service": "auth",
  "userId": 3,
  "email": "trainer@gym.com",
  "ip": "::ffff:172.19.0.1",
  "success": true
}
2026-08-15 07:20:40 [INFO]: Login Attempt
{
  "service": "auth",
  "userId": 3,
  "email": "trainer@gym.com",
  "ip": "::ffff:172.19.0.1",
  "success": true
}
2026-08-15 07:20:40 [INFO]: Login Attempt
{
  "service": "auth",
  "userId": 3,
  "email": "trainer@gym.com",
  "ip": "::ffff:172.19.0.1",
  "success": true
}
2026-08-15 07:20:50 [INFO]: Login Attempt
{
  "service": "auth",
  "userId": 3,
  "email": "trainer@gym.com",
  "ip": "::ffff:172.19.0.1",
  "success": true
}
2026-08-15 07:20:50 [INFO]: Login Attempt
{
  "service": "auth",
  "userId": 3,
  "email": "trainer@gym.com",
  "ip": "::ffff:172.19.0.1",
  "success": true
}
2026-08-15 07:21:07 [INFO]: Login Attempt
{
  "service": "auth",
  "userId": 3,
  "email": "trainer@gym.com",
  "ip": "::ffff:172.19.0.1",
  "success": true
}
2026-08-15 07:21:07 [INFO]: Login Attempt
{
  "service": "auth",
  "userId": 3,
  "email": "trainer@gym.com",
  "ip": "::ffff:172.19.0.1",
  "success": true
}
2026-08-15 07:21:12 [INFO]: Login Attempt
{
  "service": "auth",
  "userId": 3,
  "email": "trainer@gym.com",
  "ip": "::ffff:172.19.0.1",
  "success": true
}
2026-08-15 07:21:19 [INFO]: Login Attempt
{
  "service": "auth",
  "userId": 3,
  "email": "trainer@gym.com",
  "ip": "::ffff:172.19.0.1",
  "success": true
}
2026-08-15 07:21:19 [INFO]: Login Attempt
{
  "service": "auth",
  "userId": 3,
  "email": "trainer@gym.com",
  "ip": "::ffff:172.19.0.1",
  "success": true
}
2026-08-15 07:21:19 [INFO]: Login Attempt
{
  "service": "auth",
  "userId": 3,
  "email": "trainer@gym.com",
  "ip": "::ffff:172.19.0.1",
  "success": true
}
2026-08-15 07:21:19 [INFO]: Login Attempt
{
  "service": "auth",
  "userId": 3,
  "email": "trainer@gym.com",
  "ip": "::ffff:172.19.0.1",
  "success": true
}
2026-08-15 07:22:08 [INFO]: Login Attempt
{
  "service": "auth",
  "userId": 3,
  "email": "trainer@gym.com",
  "ip": "::ffff:172.19.0.1",
  "success": true
}
2026-08-15 07:22:08 [INFO]: Login Attempt
{
  "service": "auth",
  "userId": 3,
  "email": "trainer@gym.com",
  "ip": "::ffff:172.19.0.1",
  "success": true
}
2026-08-15 07:22:09 [INFO]: Login Attempt
{
  "service": "auth",
  "userId": 3,
  "email": "trainer@gym.com",
  "ip": "::ffff:172.19.0.1",
  "success": true
}
2026-08-15 07:22:09 [INFO]: Login Attempt
{
  "service": "auth",
  "userId": 3,
  "email": "trainer@gym.com",
  "ip": "::ffff:172.19.0.1",
  "success": true
}
2026-08-15 07:22:09 [INFO]: Login Attempt
{
  "service": "auth",
  "userId": 3,
  "email": "trainer@gym.com",
  "ip": "::ffff:172.19.0.1",
  "success": true
}
2026-08-15 07:22:09 [INFO]: Login Attempt
{
  "service": "auth",
  "userId": 3,
  "email": "trainer@gym.com",
  "ip": "::ffff:172.19.0.1",
  "success": true
}
2026-08-15 07:22:18 [INFO]: Login Attempt
{
  "service": "auth",
  "userId": 3,
  "email": "trainer@gym.com",
  "ip": "::ffff:172.19.0.1",
  "success": true
}
2026-08-15 07:22:23 [INFO]: Login Attempt
{
  "service": "auth",
  "userId": 3,
  "email": "trainer@gym.com",
  "ip": "::ffff:172.19.0.1",
  "success": true
}
2026-08-15 07:22:23 [INFO]: Login Attempt
{
  "service": "auth",
  "userId": 3,
  "email": "trainer@gym.com",
  "ip": "::ffff:172.19.0.1",
  "success": true
}
2026-08-15 07:22:23 [INFO]: Login Attempt
{
  "service": "auth",
  "userId": 3,
  "email": "trainer@gym.com",
  "ip": "::ffff:172.19.0.1",
  "success": true
}
2026-08-15 07:22:27 [INFO]: Login Attempt
{
  "service": "auth",
  "userId": 3,
  "email": "trainer@gym.com",
  "ip": "::ffff:172.19.0.1",
  "success": true
}
2026-08-15 07:22:27 [INFO]: Login Attempt
{
  "service": "auth",
  "userId": 3,
  "email": "trainer@gym.com",
  "ip": "::ffff:172.19.0.1",
  "success": true
}
2026-08-15 07:22:27 [INFO]: Login Attempt
{
  "service": "auth",
  "userId": 3,
  "email": "trainer@gym.com",
  "ip": "::ffff:172.19.0.1",
  "success": true
}
2026-08-15 07:22:27 [INFO]: Login Attempt
{
  "service": "auth",
  "userId": 3,
  "email": "trainer@gym.com",
  "ip": "::ffff:172.19.0.1",
  "success": true
}
2026-08-15 07:22:28 [INFO]: Login Attempt
{
  "service": "auth",
  "userId": 3,
  "email": "trainer@gym.com",
  "ip": "::ffff:172.19.0.1",
  "success": true
}
2026-08-15 07:22:28 [INFO]: Login Attempt
{
  "service": "auth",
  "userId": 3,
  "email": "trainer@gym.com",
  "ip": "::ffff:172.19.0.1",
  "success": true
}
2026-08-15 07:22:28 [INFO]: Login Attempt
{
  "service": "auth",
  "userId": 3,
  "email": "trainer@gym.com",
  "ip": "::ffff:172.19.0.1",
  "success": true
}
2026-08-15 07:22:28 [INFO]: Login Attempt
{
  "service": "auth",
  "userId": 3,
  "email": "trainer@gym.com",
  "ip": "::ffff:172.19.0.1",
  "success": true
}
2026-08-15 07:22:32 [INFO]: Login Attempt
{
  "service": "auth",
  "userId": 3,
  "email": "trainer@gym.com",
  "ip": "::ffff:172.19.0.1",
  "success": true
}
2026-08-15 07:22:34 [INFO]: Login Attempt
{
  "service": "auth",
  "userId": 3,
  "email": "trainer@gym.com",
  "ip": "::ffff:172.19.0.1",
  "success": true
}
2026-08-15 07:22:35 [INFO]: Login Attempt
{
  "service": "auth",
  "userId": 3,
  "email": "trainer@gym.com",
  "ip": "::ffff:172.19.0.1",
  "success": true
}
2026-08-15 07:22:37 [INFO]: Login Attempt
{
  "service": "auth",
  "userId": 3,
  "email": "trainer@gym.com",
  "ip": "::ffff:172.19.0.1",
  "success": true
}
2026-08-15 07:22:38 [INFO]: Login Attempt
{
  "service": "auth",
  "userId": 3,
  "email": "trainer@gym.com",
  "ip": "::ffff:172.19.0.1",
  "success": true
}
2026-08-15 07:22:42 [INFO]: Login Attempt
{
  "service": "auth",
  "userId": 3,
  "email": "trainer@gym.com",
  "ip": "::ffff:172.19.0.1",
  "success": true
}
2026-08-15 07:22:42 [INFO]: Login Attempt
{
  "service": "auth",
  "userId": 3,
  "email": "trainer@gym.com",
  "ip": "::ffff:172.19.0.1",
  "success": true
}
2026-08-15 07:22:42 [INFO]: Login Attempt
{
  "service": "auth",
  "userId": 3,
  "email": "trainer@gym.com",
  "ip": "::ffff:172.19.0.1",
  "success": true
}
2026-08-15 07:22:42 [INFO]: Login Attempt
{
  "service": "auth",
  "userId": 3,
  "email": "trainer@gym.com",
  "ip": "::ffff:172.19.0.1",
  "success": true
}
2026-08-15 07:25:01 [INFO]: Login Attempt
{
  "service": "auth",
  "userId": 3,
  "email": "trainer@gym.com",
  "ip": "::ffff:172.19.0.1",
  "success": true
}
2026-08-15 07:25:01 [INFO]: Login Attempt
{
  "service": "auth",
  "userId": 3,
  "email": "trainer@gym.com",
  "ip": "::ffff:172.19.0.1",
  "success": true
}
2026-08-15 07:25:01 [INFO]: Login Attempt
{
  "service": "auth",
  "userId": 3,
  "email": "trainer@gym.com",
  "ip": "::ffff:172.19.0.1",
  "success": true
}
2026-08-15 07:25:01 [INFO]: Login Attempt
{
  "service": "auth",
  "userId": 3,
  "email": "trainer@gym.com",
  "ip": "::ffff:172.19.0.1",
  "success": true
}
2026-08-15 07:25:01 [INFO]: Login Attempt
{
  "service": "auth",
  "userId": 3,
  "email": "trainer@gym.com",
  "ip": "::ffff:172.19.0.1",
  "success": true
}
2026-08-15 07:25:03 [INFO]: Login Attempt
{
  "service": "auth",
  "userId": 3,
  "email": "trainer@gym.com",
  "ip": "::ffff:172.19.0.1",
  "success": true
}
2026-08-15 07:25:15 [INFO]: Login Attempt
{
  "service": "auth",
  "userId": 3,
  "email": "trainer@gym.com",
  "ip": "::ffff:172.19.0.1",
  "success": true
}
2026-08-15 07:25:24 [INFO]: Login Attempt
{
  "service": "auth",
  "userId": 3,
  "email": "trainer@gym.com",
  "ip": "::ffff:172.19.0.1",
  "success": true
}
2026-08-15 07:25:35 [INFO]: Login Attempt
{
  "service": "auth",
  "userId": 3,
  "email": "trainer@gym.com",
  "ip": "::ffff:172.19.0.1",
  "success": true
}
2026-08-15 07:25:35 [INFO]: Login Attempt
{
  "service": "auth",
  "userId": 3,
  "email": "trainer@gym.com",
  "ip": "::ffff:172.19.0.1",
  "success": true
}
2026-08-15 07:25:35 [INFO]: Login Attempt
{
  "service": "auth",
  "userId": 3,
  "email": "trainer@gym.com",
  "ip": "::ffff:172.19.0.1",
  "success": true
}
2026-08-15 07:25:35 [INFO]: Login Attempt
{
  "service": "auth",
  "userId": 3,
  "email": "trainer@gym.com",
  "ip": "::ffff:172.19.0.1",
  "success": true
}
2026-08-15 07:25:35 [INFO]: Login Attempt
{
  "service": "auth",
  "userId": 3,
  "email": "trainer@gym.com",
  "ip": "::ffff:172.19.0.1",
  "success": true
}
2026-08-15 07:25:35 [INFO]: Login Attempt
{
  "service": "auth",
  "userId": 3,
  "email": "trainer@gym.com",
  "ip": "::ffff:172.19.0.1",
  "success": true
}
2026-08-15 07:25:39 [INFO]: Login Attempt
{
  "service": "auth",
  "userId": 3,
  "email": "trainer@gym.com",
  "ip": "::ffff:172.19.0.1",
  "success": true
}
2026-08-15 07:25:39 [INFO]: Login Attempt
{
  "service": "auth",
  "userId": 3,
  "email": "trainer@gym.com",
  "ip": "::ffff:172.19.0.1",
  "success": true
}
2026-08-15 07:25:39 [INFO]: Login Attempt
{
  "service": "auth",
  "userId": 3,
  "email": "trainer@gym.com",
  "ip": "::ffff:172.19.0.1",
  "success": true
}
2026-08-15 07:25:39 [INFO]: Login Attempt
{
  "service": "auth",
  "userId": 3,
  "email": "trainer@gym.com",
  "ip": "::ffff:172.19.0.1",
  "success": true
}
2026-08-15 07:25:43 [INFO]: Login Attempt
{
  "service": "auth",
  "userId": 3,
  "email": "trainer@gym.com",
  "ip": "::ffff:172.19.0.1",
  "success": true
}
2026-08-15 07:25:43 [INFO]: Login Attempt
{
  "service": "auth",
  "userId": 3,
  "email": "trainer@gym.com",
  "ip": "::ffff:172.19.0.1",
  "success": true
}
2026-08-15 07:25:43 [INFO]: Login Attempt
{
  "service": "auth",
  "userId": 3,
  "email": "trainer@gym.com",
  "ip": "::ffff:172.19.0.1",
  "success": true
}
2026-08-15 07:25:43 [INFO]: Login Attempt
{
  "service": "auth",
  "userId": 3,
  "email": "trainer@gym.com",
  "ip": "::ffff:172.19.0.1",
  "success": true
}
2026-08-15 07:26:54 [INFO]: Database connection established successfully (development)
2026-08-15 07:26:54 [INFO]: Database ready for use (using migrations)
2026-08-15 07:26:54 [INFO]: Database connected successfully
2026-08-15 07:26:54 [INFO]: Session store configured (memory store)
2026-08-15 07:26:54 [INFO]: Redis session store configured
2026-08-15 07:26:54 [INFO]: 🚀 Server running on port 5000 in development mode
2026-08-15 07:26:54 [INFO]: 📊 API Health: http://localhost:5000/api/health
2026-08-15 07:26:54 [INFO]: 📖 API Docs: http://localhost:5000/api/docs
2026-08-15 07:27:14 [INFO]: Redis Client Connected
2026-08-15 07:27:14 [INFO]: Redis Client Ready
2026-08-15 07:27:14 [INFO]: Redis Client Connected
2026-08-15 07:27:14 [INFO]: Redis Client Ready
2026-08-15 07:27:14 [INFO]: Login Attempt
{
  "service": "auth",
  "userId": 3,
  "email": "trainer@gym.com",
  "ip": "::ffff:172.19.0.1",
  "success": true
}
2026-08-15 07:27:14 [INFO]: Login Attempt
{
  "service": "auth",
  "userId": 3,
  "email": "trainer@gym.com",
  "ip": "::ffff:172.19.0.1",
  "success": true
}
2026-08-15 07:27:14 [INFO]: Login Attempt
{
  "service": "auth",
  "userId": 3,
  "email": "trainer@gym.com",
  "ip": "::ffff:172.19.0.1",
  "success": true
}
2026-08-15 07:27:14 [INFO]: Login Attempt
{
  "service": "auth",
  "userId": 3,
  "email": "trainer@gym.com",
  "ip": "::ffff:172.19.0.1",
  "success": true
}
2026-08-15 07:27:14 [INFO]: Login Attempt
{
  "service": "auth",
  "userId": 3,
  "email": "trainer@gym.com",
  "ip": "::ffff:172.19.0.1",
  "success": true
}
2026-08-15 07:27:14 [INFO]: Login Attempt
{
  "service": "auth",
  "userId": 3,
  "email": "trainer@gym.com",
  "ip": "::ffff:172.19.0.1",
  "success": true
}
2026-08-15 07:27:14 [INFO]: Login Attempt
{
  "service": "auth",
  "userId": 3,
  "email": "trainer@gym.com",
  "ip": "::ffff:172.19.0.1",
  "success": true
}
2026-08-15 07:27:17 [INFO]: Login Attempt
{
  "service": "auth",
  "userId": 3,
  "email": "trainer@gym.com",
  "ip": "::ffff:172.19.0.1",
  "success": true
}
2026-08-15 07:27:24 [INFO]: Login Attempt
{
  "service": "auth",
  "userId": 3,
  "email": "trainer@gym.com",
  "ip": "::ffff:172.19.0.1",
  "success": true
}
2026-08-15 07:27:24 [INFO]: Login Attempt
{
  "service": "auth",
  "userId": 3,
  "email": "trainer@gym.com",
  "ip": "::ffff:172.19.0.1",
  "success": true
}
2026-08-15 07:27:24 [INFO]: Login Attempt
{
  "service": "auth",
  "userId": 3,
  "email": "trainer@gym.com",
  "ip": "::ffff:172.19.0.1",
  "success": true
}
2026-08-15 07:27:24 [INFO]: Login Attempt
{
  "service": "auth",
  "userId": 3,
  "email": "trainer@gym.com",
  "ip": "::ffff:172.19.0.1",
  "success": true
}
2026-08-15 07:27:24 [INFO]: Login Attempt
{
  "service": "auth",
  "userId": 3,
  "email": "trainer@gym.com",
  "ip": "::ffff:172.19.0.1",
  "success": true
}
2026-08-15 07:27:24 [INFO]: Login Attempt
{
  "service": "auth",
  "userId": 3,
  "email": "trainer@gym.com",
  "ip": "::ffff:172.19.0.1",
  "success": true
}
2026-08-15 07:27:28 [INFO]: Login Attempt
{
  "service": "auth",
  "userId": 3,
  "email": "trainer@gym.com",
  "ip": "::ffff:172.19.0.1",
  "success": true
}
2026-08-15 07:27:53 [INFO]: Login Attempt
{
  "service": "auth",
  "userId": 3,
  "email": "trainer@gym.com",
  "ip": "::ffff:172.19.0.1",
  "success": true
}
2026-08-15 07:28:38 [INFO]: Login Attempt
{
  "service": "auth",
  "userId": 3,
  "email": "trainer@gym.com",
  "ip": "::ffff:172.19.0.1",
  "success": true
}
2026-08-15 07:29:28 [INFO]: Database connection established successfully (development)
2026-08-15 07:29:28 [INFO]: Database ready for use (using migrations)
2026-08-15 07:29:28 [INFO]: Database connected successfully
2026-08-15 07:29:28 [INFO]: Session store configured (memory store)
2026-08-15 07:29:28 [INFO]: Redis session store configured
2026-08-15 07:29:28 [INFO]: 🚀 Server running on port 5000 in development mode
2026-08-15 07:29:28 [INFO]: 📊 API Health: http://localhost:5000/api/health
2026-08-15 07:29:28 [INFO]: 📖 API Docs: http://localhost:5000/api/docs
2026-08-15 07:29:56 [INFO]: Redis Client Connected
2026-08-15 07:29:56 [INFO]: Redis Client Ready
2026-08-15 07:29:56 [INFO]: Redis Client Connected
2026-08-15 07:29:56 [INFO]: Redis Client Ready
2026-08-15 07:29:56 [INFO]: Login Attempt
{
  "service": "auth",
  "userId": 3,
  "email": "trainer@gym.com",
  "ip": "::ffff:172.19.0.1",
  "success": true
}
2026-08-15 07:29:56 [INFO]: Login Attempt
{
  "service": "auth",
  "userId": 3,
  "email": "trainer@gym.com",
  "ip": "::ffff:172.19.0.1",
  "success": true
}
2026-08-15 07:29:57 [INFO]: Login Attempt
{
  "service": "auth",
  "userId": 3,
  "email": "trainer@gym.com",
  "ip": "::ffff:172.19.0.1",
  "success": true
}
2026-08-15 07:29:57 [INFO]: Login Attempt
{
  "service": "auth",
  "userId": 3,
  "email": "trainer@gym.com",
  "ip": "::ffff:172.19.0.1",
  "success": true
}
2026-08-15 07:29:57 [INFO]: Login Attempt
{
  "service": "auth",
  "userId": 3,
  "email": "trainer@gym.com",
  "ip": "::ffff:172.19.0.1",
  "success": true
}
2026-08-15 07:29:57 [INFO]: Login Attempt
{
  "service": "auth",
  "userId": 3,
  "email": "trainer@gym.com",
  "ip": "::ffff:172.19.0.1",
  "success": true
}
2026-08-15 07:29:57 [INFO]: Login Attempt
{
  "service": "auth",
  "userId": 3,
  "email": "trainer@gym.com",
  "ip": "::ffff:172.19.0.1",
  "success": true
}
2026-08-15 07:30:00 [INFO]: Login Attempt
{
  "service": "auth",
  "userId": 3,
  "email": "trainer@gym.com",
  "ip": "::ffff:172.19.0.1",
  "success": true
}
2026-08-15 07:30:10 [INFO]: Login Attempt
{
  "service": "auth",
  "userId": 3,
  "email": "trainer@gym.com",
  "ip": "::ffff:172.19.0.1",
  "success": true
}
2026-08-15 07:31:46 [INFO]: Database connection established successfully (development)
2026-08-15 07:31:46 [INFO]: Database ready for use (using migrations)
2026-08-15 07:31:46 [INFO]: Database connected successfully
2026-08-15 07:31:46 [INFO]: Session store configured (memory store)
2026-08-15 07:31:46 [INFO]: Redis session store configured
2026-08-15 07:31:46 [INFO]: 🚀 Server running on port 5000 in development mode
2026-08-15 07:31:46 [INFO]: 📊 API Health: http://localhost:5000/api/health
2026-08-15 07:31:46 [INFO]: 📖 API Docs: http://localhost:5000/api/docs
2026-08-15 07:32:13 [INFO]: Redis Client Connected
2026-08-15 07:32:13 [INFO]: Redis Client Connected
2026-08-15 07:32:13 [INFO]: Redis Client Connected
2026-08-15 07:32:13 [INFO]: Redis Client Ready
2026-08-15 07:32:13 [INFO]: Redis Client Ready
2026-08-15 07:32:13 [INFO]: Redis Client Ready
2026-08-15 07:32:13 [INFO]: Redis Client Connected
2026-08-15 07:32:13 [INFO]: Redis Client Ready
2026-08-15 07:32:13 [INFO]: Login Attempt
{
  "service": "auth",
  "userId": 3,
  "email": "trainer@gym.com",
  "ip": "::ffff:172.19.0.1",
  "success": true
}
2026-08-15 07:32:13 [INFO]: Login Attempt
{
  "service": "auth",
  "userId": 3,
  "email": "trainer@gym.com",
  "ip": "::ffff:172.19.0.1",
  "success": true
}
2026-08-15 07:32:13 [INFO]: Login Attempt
{
  "service": "auth",
  "userId": 3,
  "email": "trainer@gym.com",
  "ip": "::ffff:172.19.0.1",
  "success": true
}
2026-08-15 07:32:13 [INFO]: Login Attempt
{
  "service": "auth",
  "userId": 3,
  "email": "trainer@gym.com",
  "ip": "::ffff:172.19.0.1",
  "success": true
}
2026-08-15 07:32:16 [INFO]: Login Attempt
{
  "service": "auth",
  "userId": 3,
  "email": "trainer@gym.com",
  "ip": "::ffff:172.19.0.1",
  "success": true
}
2026-08-15 07:32:26 [INFO]: Login Attempt
{
  "service": "auth",
  "userId": 3,
  "email": "trainer@gym.com",
  "ip": "::ffff:172.19.0.1",
  "success": true
}
2026-08-15 07:32:26 [INFO]: Login Attempt
{
  "service": "auth",
  "userId": 3,
  "email": "trainer@gym.com",
  "ip": "::ffff:172.19.0.1",
  "success": true
}
2026-08-15 07:32:35 [INFO]: Database connection established successfully (development)
2026-08-15 07:32:35 [INFO]: Database ready for use (using migrations)
2026-08-15 07:32:35 [INFO]: Database connected successfully
2026-08-15 07:32:35 [INFO]: Session store configured (memory store)
2026-08-15 07:32:35 [INFO]: Redis session store configured
2026-08-15 07:32:35 [INFO]: 🚀 Server running on port 5000 in development mode
2026-08-15 07:32:35 [INFO]: 📊 API Health: http://localhost:5000/api/health
2026-08-15 07:32:35 [INFO]: 📖 API Docs: http://localhost:5000/api/docs
2026-08-15 07:32:55 [INFO]: Redis Client Connected
2026-08-15 07:32:55 [INFO]: Redis Client Connected
2026-08-15 07:32:55 [INFO]: Redis Client Ready
2026-08-15 07:32:55 [INFO]: Redis Client Ready
2026-08-15 07:32:55 [INFO]: Login Attempt
{
  "service": "auth",
  "userId": 3,
  "email": "trainer@gym.com",
  "ip": "::ffff:172.19.0.1",
  "success": true
}
2026-08-15 07:32:55 [INFO]: Login Attempt
{
  "service": "auth",
  "userId": 3,
  "email": "trainer@gym.com",
  "ip": "::ffff:172.19.0.1",
  "success": true
}
2026-08-15 07:33:46 [INFO]: Database connection established successfully (development)
2026-08-15 07:33:46 [INFO]: Database ready for use (using migrations)
2026-08-15 07:33:46 [INFO]: Database connected successfully
2026-08-15 07:33:46 [INFO]: Session store configured (memory store)
2026-08-15 07:33:46 [INFO]: Redis session store configured
2026-08-15 07:33:46 [INFO]: 🚀 Server running on port 5000 in development mode
2026-08-15 07:33:46 [INFO]: 📊 API Health: http://localhost:5000/api/health
2026-08-15 07:33:46 [INFO]: 📖 API Docs: http://localhost:5000/api/docs
2026-08-15 07:36:33 [INFO]: Redis Client Connected
2026-08-15 07:36:33 [INFO]: Redis Client Ready
2026-08-15 07:36:33 [INFO]: Redis Client Connected
2026-08-15 07:36:33 [INFO]: Redis Client Ready
2026-08-15 07:36:33 [INFO]: Login Attempt
{
  "service": "auth",
  "userId": 3,
  "email": "trainer@gym.com",
  "ip": "::ffff:172.19.0.1",
  "success": true
}
2026-08-15 07:36:33 [INFO]: Login Attempt
{
  "service": "auth",
  "userId": 3,
  "email": "trainer@gym.com",
  "ip": "::ffff:172.19.0.1",
  "success": true
}
2026-08-15 07:36:33 [INFO]: Login Attempt
{
  "service": "auth",
  "userId": 3,
  "email": "trainer@gym.com",
  "ip": "::ffff:172.19.0.1",
  "success": true
}
2026-08-15 07:36:33 [INFO]: Login Attempt
{
  "service": "auth",
  "userId": 3,
  "email": "trainer@gym.com",
  "ip": "::ffff:172.19.0.1",
  "success": true
}
2026-08-15 07:36:33 [INFO]: Login Attempt
{
  "service": "auth",
  "userId": 3,
  "email": "trainer@gym.com",
  "ip": "::ffff:172.19.0.1",
  "success": true
}
2026-08-15 07:36:33 [INFO]: Login Attempt
{
  "service": "auth",
  "userId": 3,
  "email": "trainer@gym.com",
  "ip": "::ffff:172.19.0.1",
  "success": true
}
2026-08-15 07:36:36 [INFO]: Login Attempt
{
  "service": "auth",
  "userId": 3,
  "email": "trainer@gym.com",
  "ip": "::ffff:172.19.0.1",
  "success": true
}
2026-08-15 07:36:36 [INFO]: Login Attempt
{
  "service": "auth",
  "userId": 3,
  "email": "trainer@gym.com",
  "ip": "::ffff:172.19.0.1",
  "success": true
}
2026-08-15 07:36:36 [INFO]: Login Attempt
{
  "service": "auth",
  "userId": 3,
  "email": "trainer@gym.com",
  "ip": "::ffff:172.19.0.1",
  "success": true
}
2026-08-15 07:36:36 [INFO]: Login Attempt
{
  "service": "auth",
  "userId": 3,
  "email": "trainer@gym.com",
  "ip": "::ffff:172.19.0.1",
  "success": true
}
2026-08-15 07:36:45 [INFO]: Database connection established successfully (development)
2026-08-15 07:36:45 [INFO]: Database ready for use (using migrations)
2026-08-15 07:36:45 [INFO]: Database connected successfully
2026-08-15 07:36:45 [INFO]: Session store configured (memory store)
2026-08-15 07:36:45 [INFO]: Redis session store configured
2026-08-15 07:36:45 [INFO]: 🚀 Server running on port 5000 in development mode
2026-08-15 07:36:45 [INFO]: 📊 API Health: http://localhost:5000/api/health
2026-08-15 07:36:45 [INFO]: 📖 API Docs: http://localhost:5000/api/docs
2026-08-15 07:39:59 [INFO]: Database connection established successfully (development)
2026-08-15 07:39:59 [INFO]: Database ready for use (using migrations)
2026-08-15 07:39:59 [INFO]: Database connected successfully
2026-08-15 07:39:59 [INFO]: Session store configured (memory store)
2026-08-15 07:39:59 [INFO]: Redis session store configured
2026-08-15 07:39:59 [INFO]: 🚀 Server running on port 5000 in development mode
2026-08-15 07:39:59 [INFO]: 📊 API Health: http://localhost:5000/api/health
2026-08-15 07:39:59 [INFO]: 📖 API Docs: http://localhost:5000/api/docs
2026-08-15 07:40:53 [INFO]: Database connection established successfully (development)
2026-08-15 07:40:53 [INFO]: Database ready for use (using migrations)
2026-08-15 07:40:53 [INFO]: Database connected successfully
2026-08-15 07:40:53 [INFO]: Session store configured (memory store)
2026-08-15 07:40:53 [INFO]: Redis session store configured
2026-08-15 07:40:53 [INFO]: 🚀 Server running on port 5000 in development mode
2026-08-15 07:40:53 [INFO]: 📊 API Health: http://localhost:5000/api/health
2026-08-15 07:40:53 [INFO]: 📖 API Docs: http://localhost:5000/api/docs
